filename,group,bytes,sha256,width,height,datetime,lat,lon,alt_m,gps_valid
DJI_20260816173126_0001_D.JPG,DJI_20260816173126_0001_D,11366400,800c3765aace41e24f41af32c86bf0039e65015bfc6c69239125000a600a5959,4096,3072,2026:08:16 17:31:26,45.0349702222222,-93.4157311944444,288.048,true
DJI_20260816173129_0002_D.JPG,DJI_20260816173129_0002_D,11235328,90ec0534c3bb2a722d096c4c8775bada68ab3aa103dba92ffd92c55ebabe7499,4096,3072,2026:08:16 17:31:29,45.0349794444444,-93.4157352777778,288.048,true
DJI_20260816173132_0003_D.JPG,DJI_20260816173132_0003_D,10772480,90c4055cf9ba40c525602caf7546f6d1ac78271040fd0685f4d2a0258cda8c7f,4096,3072,2026:08:16 17:31:32,45.0350501944444,-93.4157780555555,288.048,true
DJI_20260816173135_0004_D.JPG,DJI_20260816173135_0004_D,10522624,d2527712360c735d8262a33fb01822ef66cf1c5b584fa3a5a4f4a5774095c003,4096,3072,2026:08:16 17:31:35,45.0350786388889,-93.4157935277778,287.948,true
DJI_20260816173138_0005_D.JPG,DJI_20260816173138_0005_D,10162176,3b1e50f49c33b8ebb41b44868b9a9beb0ee5ecf9ec8b94a3c337ff470ef94438,4096,3072,2026:08:16 17:31:38,45.0351091111111,-93.4158104444444,288.048,true
DJI_20260816173141_0006_D.JPG,DJI_20260816173141_0006_D,10436608,90c371cceb3d358a792cc63a7cb0a3887f75e2b45c6d96e65fae69d34ab72637,4096,3072,2026:08:16 17:31:41,45.0351516944444,-93.4158336944444,288.048,true
DJI_20260816173144_0007_D.JPG,DJI_20260816173144_0007_D,10817536,a69167e69bfd8ae09bdb547998885653383e7ee4bc75c322a28b7f3378127f92,4096,3072,2026:08:16 17:31:44,45.0351801944444,-93.4158518888889,288.048,true
DJI_20260816173147_0008_D.JPG,DJI_20260816173147_0008_D,10825728,1ef42add5701acac00f0cb48be91abda6acd7370a810e3730efe13eb639c8e2c,4096,3072,2026:08:16 17:31:47,45.0352110277778,-93.4158700555556,288.048,true
DJI_20260816173150_0009_D.JPG,DJI_20260816173150_0009_D,11059200,04a16599052cd0fb639e8cd7acd3b9e3911d4b44264b0bbb78fdbaa513b225e1,4096,3072,2026:08:16 17:31:50,45.0352423333333,-93.4158886388889,288.048,true
DJI_20260816173153_0010_D.JPG,DJI_20260816173153_0010_D,11096064,48c2e8ac0ca572f391c554c49f2e538b484c6d1108e5d5d1c113f93e28f8dfb6,4096,3072,2026:08:16 17:31:53,45.0352690277778,-93.4159058611111,288.048,true
DJI_20260816173156_0011_D.JPG,DJI_20260816173156_0011_D,11390976,e220bf11bb19fb6582dc47ebcbc878fcb1b7ce2c263f882ad14f6b68da83e57e,4096,3072,2026:08:16 17:31:56,45.0353037222222,-93.4159284444444,288.048,true
DJI_20260816173159_0012_D.JPG,DJI_20260816173159_0012_D,11677696,f401cae4824ddae60482ebcbc1ba96a661edabcbd1ff595406df148ed91f9978,4096,3072,2026:08:16 17:31:59,45.0353346666667,-93.4159513611111,288.048,true
DJI_20260816173202_0013_D.JPG,DJI_20260816173202_0013_D,11763712,464f28f5368efb1711d54e943fa465b3c669f54ff036bbf905f69f2a7d3f802c,4096,3072,2026:08:16 17:32:02,45.0353548888889,-93.4159644444444,288.048,true
DJI_20260816173217_0014_D.JPG,DJI_20260816173217_0014_D,11841536,89f5fcdf026d462c21e6fa162ab6720bf8757778520ea250f83af876a25d806b,4096,3072,2026:08:16 17:32:17,45.0353826388889,-93.4159006944444,288.048,true
DJI_20260816173220_0015_D.JPG,DJI_20260816173220_0015_D,11640832,b6a4ee354dc8b965808ef9ee370c0606632729481c19bb683fddfa96f32fb2b4,4096,3072,2026:08:16 17:32:20,45.0353625,-93.4158874444445,288.048,true
DJI_20260816173223_0016_D.JPG,DJI_20260816173223_0016_D,11608064,bf42b9f0c5438b2044ebab4108371594c9cffd65cec2645900756fe79df13f2c,4096,3072,2026:08:16 17:32:23,45.0353161666667,-93.4158581111111,288.048,true
DJI_20260816173226_0017_D.JPG,DJI_20260816173226_0017_D,11685888,ee91677061081cc36e93e22d0bca57b120de7050f9404db4b6fd6f7c950bc36b,4096,3072,2026:08:16 17:32:26,45.0352894166667,-93.4158415277778,288.048,true
DJI_20260816173229_0018_D.JPG,DJI_20260816173229_0018_D,11882496,356618cbc2f5a376b065988028a33931841baa7c5c0e87496f9d07547c8d49ba,4096,3072,2026:08:16 17:32:29,45.0352615277778,-93.4158237777778,288.048,true
DJI_20260816173232_0019_D.JPG,DJI_20260816173232_0019_D,11759616,78ec97f4a953543ea4a733cc30298310a4a34656efebf1b8a4264bb0a30ae7bd,4096,3072,2026:08:16 17:32:32,45.0352391944444,-93.4158111111111,288.048,true
DJI_20260816173235_0020_D.JPG,DJI_20260816173235_0020_D,11644928,e07769b58434fe2c35157544e620a85ff087a5f9c2047c021041a6a35f6e3ccf,4096,3072,2026:08:16 17:32:35,45.0352173888889,-93.4158010555556,288.048,true
DJI_20260816173238_0021_D.JPG,DJI_20260816173238_0021_D,12099584,f26d1b3a26f74b722c0648709e47cebf37f625ba72794f4dfbe982e3c8ca6ca5,4096,3072,2026:08:16 17:32:38,45.0351881388889,-93.4157859722222,288.048,true
DJI_20260816173241_0022_D.JPG,DJI_20260816173241_0022_D,12668928,3f48e9f5ce1f5f7249799367856868670af5ad687b6181add03ea51a7671d8c3,4096,3072,2026:08:16 17:32:41,45.0351656111111,-93.4157705833333,288.048,true
DJI_20260816173244_0023_D.JPG,DJI_20260816173244_0023_D,12673024,eeb63124f17fae1355c1dd2979bdc3c90818092f9253c47c175ef88bdb327a64,4096,3072,2026:08:16 17:32:44,45.0351406388889,-93.4157573055556,288.048,true
DJI_20260816173247_0024_D.JPG,DJI_20260816173247_0024_D,12398592,5697881c36cb1dcfbe7018f0dd54c7bbbaf9d292559532e6862e2ee17e0a1f47,4096,3072,2026:08:16 17:32:47,45.0351131111111,-93.41573925,288.048,true
DJI_20260816173250_0025_D.JPG,DJI_20260816173250_0025_D,11984896,8fcf5292a41087cd648d87ba2137014f4c9fdb9e55606503a13f0bae30fa1e9c,4096,3072,2026:08:16 17:32:50,45.0350777777778,-93.4157160555555,288.048,true
DJI_20260816173253_0026_D.JPG,DJI_20260816173253_0026_D,11927552,434bcaddd694f6f317552b821affd3acd666b5c852764857445e96f13b77064d,4096,3072,2026:08:16 17:32:53,45.0350495,-93.4156991944444,288.048,true
DJI_20260816173256_0027_D.JPG,DJI_20260816173256_0027_D,11886592,aeff5fdd5cafdfdb46134cff49f9a80e9cde37c78b49668d2395b887494b9390,4096,3072,2026:08:16 17:32:56,45.0350280555556,-93.4156838333333,288.048,true
DJI_20260816173259_0028_D.JPG,DJI_20260816173259_0028_D,11714560,29f1603d2587bded0ab041d51ade716c9c10d6d8586efdd0217b2ee6d95a46fe,4096,3072,2026:08:16 17:32:59,45.03499075,-93.4156618611111,288.048,true
DJI_20260816173302_0029_D.JPG,DJI_20260816173302_0029_D,11558912,5e441ed8e76a47801f576a04c27e6da56db71f971f8f7ec522f31335573a2be4,4096,3072,2026:08:16 17:33:02,45.0349557222222,-93.4156390833333,288.048,true
DJI_20260816173310_0030_D.JPG,DJI_20260816173310_0030_D,11923456,01bddac738c04482edd5b02b3ad6bdf6e670c41e244aa15cc716f0529005681e,4096,3072,2026:08:16 17:33:10,45.0349716944444,-93.4155759444444,288.048,true
DJI_20260816173313_0031_D.JPG,DJI_20260816173313_0031_D,11718656,a59607676e9d011a86e232a878205e76bbf4359d39e86d2741f04122ff2957c8,4096,3072,2026:08:16 17:33:13,45.0349979722222,-93.4155954166667,288.048,true
DJI_20260816173316_0032_D.JPG,DJI_20260816173316_0032_D,11517952,13e95ed852b3f370e72e6b30c31a6bc419838865a0411e57ae49d0ff3f720d7f,4096,3072,2026:08:16 17:33:16,45.0350270277778,-93.4156146666667,288.048,true
DJI_20260816173319_0033_D.JPG,DJI_20260816173319_0033_D,11345920,ee26edb826468655be10e154a563c883808ec10ebbbd9685d47d1490c96403de,4096,3072,2026:08:16 17:33:19,45.0350520277778,-93.4156311944444,288.048,true
DJI_20260816173322_0034_D.JPG,DJI_20260816173322_0034_D,11030528,491a6271d3c8a485f6796f3c4676be51182b97be4646b6fb0b1d51c561c29594,4096,3072,2026:08:16 17:33:22,45.0350723611111,-93.4156427777778,288.048,true
DJI_20260816173325_0035_D.JPG,DJI_20260816173325_0035_D,10452992,5fbe5db8ab965b7956f1d46690cfd6a013aab2bde14796b8264b76208f834094,4096,3072,2026:08:16 17:33:25,45.0350895,-93.4156526388889,288.048,true
DJI_20260816173328_0036_D.JPG,DJI_20260816173328_0036_D,10153984,a4af76b629eef8ee1c86aa1bb183613cf4915aa73eb6f86c83e1cb1007ad9ca5,4096,3072,2026:08:16 17:33:28,45.0351036111111,-93.4156607222222,288.048,true
DJI_20260816173331_0037_D.JPG,DJI_20260816173331_0037_D,10145792,264c6453a2ef1c99a6ca73e335bd6bb46514aee0dc0eaace38d2670094ae3f83,4096,3072,2026:08:16 17:33:31,45.0351161111111,-93.4156677777778,288.048,true
DJI_20260816173334_0038_D.JPG,DJI_20260816173334_0038_D,10227712,3b0d6d96914b2a1db8723bc3d02cca6fead25b8d893a93459d5ddcaa62c95110,4096,3072,2026:08:16 17:33:34,45.0351334166667,-93.4156794444445,288.048,true
DJI_20260816173337_0039_D.JPG,DJI_20260816173337_0039_D,10317824,fb8d277364e3c2f08ceb7c5bd0448b7c0caa7f61f2c2a6dd78e0ee6a50c7b54a,4096,3072,2026:08:16 17:33:37,45.0351441388889,-93.4156855555556,288.048,true
DJI_20260816173340_0040_D.JPG,DJI_20260816173340_0040_D,10502144,72f12f834f1a2b47f6053a1d397a2507d8246a8bc52a142c1203dac5d5ea7ffd,4096,3072,2026:08:16 17:33:40,45.0351565833333,-93.4156905833333,288.048,true
DJI_20260816173343_0041_D.JPG,DJI_20260816173343_0041_D,10891264,ce81d4e60fc8a66a6c81abc9f553d347b37714f5ac11f63f994e46430245bd1c,4096,3072,2026:08:16 17:33:43,45.0351766666667,-93.4157026666667,288.048,true
DJI_20260816173346_0042_D.JPG,DJI_20260816173346_0042_D,10829824,61be8a294cf1c28a800afb3f8296f012759f6b18c943dfeafda960da46573777,4096,3072,2026:08:16 17:33:46,45.0351911666667,-93.4157096666667,288.048,true
DJI_20260816173349_0043_D.JPG,DJI_20260816173349_0043_D,10768384,58bf9cee5352c9b2e9c804451d8a3d00ae678ae10b38d584b7da30487fa96c03,4096,3072,2026:08:16 17:33:49,45.0352066111111,-93.4157178888889,288.048,true
DJI_20260816173352_0044_D.JPG,DJI_20260816173352_0044_D,10883072,af2abb7d993c799b20f5ee6000ad92e5d9b42b23d959653e79f4a549ca33dfa6,4096,3072,2026:08:16 17:33:52,45.0352255277778,-93.41572975,288.048,true
DJI_20260816173355_0045_D.JPG,DJI_20260816173355_0045_D,10964992,09d58d111b1786ce2eb3b0eea99a27d078eafb989d0bec14a7c11a6f08de9eed,4096,3072,2026:08:16 17:33:55,45.0352457777778,-93.4157403888889,288.048,true
DJI_20260816173358_0046_D.JPG,DJI_20260816173358_0046_D,11096064,94c447793e8b6a1354aaf07a6480d3edeed1cf4fa216524847abe9ea909a286b,4096,3072,2026:08:16 17:33:58,45.0352668333333,-93.4157535,288.048,true
DJI_20260816173401_0047_D.JPG,DJI_20260816173401_0047_D,11317248,47b7ca87af51315e3cfd2e2f62cd35ae62b44fe6cd27babab38ef5e9b6e5fc7f,4096,3072,2026:08:16 17:34:01,45.03528475,-93.4157627222222,288.048,true
DJI_20260816173404_0048_D.JPG,DJI_20260816173404_0048_D,11034624,8b27a4eeaa645ce978b65670b3f7c6508c43bd5ebfe9a1d3ac1d51c5515e97b4,4096,3072,2026:08:16 17:34:04,45.0353074166667,-93.4157771111111,288.048,true
DJI_20260816173407_0049_D.JPG,DJI_20260816173407_0049_D,11894784,b3d74a1a466981ff1f1a4b99429b9fca6da9fe597293f005c9acc6e2f1913c76,4096,3072,2026:08:16 17:34:07,45.0353508333333,-93.4158039722222,288.048,true
DJI_20260816173410_0050_D.JPG,DJI_20260816173410_0050_D,13131776,756c5007f8260c4704048dd0168c143546b6a9cf6df6ce6415f75b6f2231c6f9,4096,3072,2026:08:16 17:34:10,45.0353788611111,-93.41582,288.048,true
DJI_20260816173413_0051_D.JPG,DJI_20260816173413_0051_D,14737408,b6c6764ac35dd01467576aed73dc00fcd04105c4180f7baae92561cf636cbf29,4096,3072,2026:08:16 17:34:13,45.0353951111111,-93.4158312222222,288.048,true
DJI_20260816173416_0052_D.JPG,DJI_20260816173416_0052_D,15556608,c1823b1a26c833c9e0289febe358b6c9c4e3cc0b53abfc8994894a15f702a338,4096,3072,2026:08:16 17:34:16,45.0354145555556,-93.4158440555556,288.048,true
DJI_20260816173431_0053_D.JPG,DJI_20260816173431_0053_D,15380480,5e65537c12681224b69b17e839b33ea3990e2f53ec84d0ef8d6964408e28a75f,4096,3072,2026:08:16 17:34:31,45.035423,-93.4158005277778,288.048,true
DJI_20260816173434_0054_D.JPG,DJI_20260816173434_0054_D,15253504,c9157380f4715dd0508e5dda989c8f668072e4378a9a82291b73e390bcf6ca6e,4096,3072,2026:08:16 17:34:34,45.03540525,-93.4157904722222,288.048,true
DJI_20260816173437_0055_D.JPG,DJI_20260816173437_0055_D,14471168,86d9c57895954bb5338ed075ad957c7e15b630c2fcde5c3fa9435097e59b56ab,4096,3072,2026:08:16 17:34:37,45.0353805833333,-93.4157743055556,288.048,true
DJI_20260816173440_0056_D.JPG,DJI_20260816173440_0056_D,13389824,66420ce298cee60fba41e33d65f470591a863bf316505a3e61d384a1941dd55a,4096,3072,2026:08:16 17:34:40,45.0353606388889,-93.4157606388889,288.048,true
DJI_20260816173443_0057_D.JPG,DJI_20260816173443_0057_D,11694080,cd58be82f87d7e25c6c6462e235330776229df4dedff87986424de8d7e2ddda6,4096,3072,2026:08:16 17:34:43,45.0353389166667,-93.4157480555556,288.048,true
DJI_20260816173446_0058_D.JPG,DJI_20260816173446_0058_D,10760192,5e5992c92af72750f26d4105d21371d00e02fa117088124a19a773dbf7cf26b6,4096,3072,2026:08:16 17:34:46,45.035322,-93.4157381388889,288.148,true
DJI_20260816173449_0059_D.JPG,DJI_20260816173449_0059_D,10448896,628b30a95f3dbcca1c1ee0938534bf16ffbe37f4f1469c7232aed7f91aa2e410,4096,3072,2026:08:16 17:34:49,45.0353069722222,-93.4157276944444,288.148,true
DJI_20260816173452_0060_D.JPG,DJI_20260816173452_0060_D,9768960,f037ea23566aa00a0b9f030d824082b07318e6ba5072bee82771eea215e071dc,4096,3072,2026:08:16 17:34:52,45.03528875,-93.4157164166667,288.148,true
DJI_20260816173455_0061_D.JPG,DJI_20260816173455_0061_D,9269248,2e4ecf35563f7abab06348e3ba29f58dba4149dbbf0b8882bc00bb5fee02d03f,4096,3072,2026:08:16 17:34:55,45.0352728055556,-93.41570625,288.148,true
DJI_20260816173458_0062_D.JPG,DJI_20260816173458_0062_D,9007104,3582312bf0e0692f0b69c002bb9d0c8633a940afef8cdd16ba29a39f282d20cb,4096,3072,2026:08:16 17:34:58,45.035247,-93.4156910833333,288.148,true
DJI_20260816173501_0063_D.JPG,DJI_20260816173501_0063_D,8863744,d6e28c1b8ad45e6fadbf18e67fa2c3b9a599822d75aaf7bd087ae85def2070ea,4096,3072,2026:08:16 17:35:01,45.0352314722222,-93.4156816666667,288.148,true
DJI_20260816173504_0064_D.JPG,DJI_20260816173504_0064_D,8769536,824ea85158875df958cf70dcd32e60bea01570d386084ae18cb33b09eafbf0d5,4096,3072,2026:08:16 17:35:04,45.035217,-93.4156719444444,288.148,true
DJI_20260816173507_0065_D.JPG,DJI_20260816173507_0065_D,8749056,e5d0580b2173aef79bc5394a2c4cb21c26ec2c71257708fc788ebfff9b508d27,4096,3072,2026:08:16 17:35:07,45.0351932777778,-93.4156572222222,288.148,true
DJI_20260816173510_0066_D.JPG,DJI_20260816173510_0066_D,8679424,b92b357993a017f389ebc5755bbd0a37c58418f2aa51efee76041115b321f9fa,4096,3072,2026:08:16 17:35:10,45.0351746111111,-93.4156407222222,288.148,true
DJI_20260816173513_0067_D.JPG,DJI_20260816173513_0067_D,8683520,809c65c26d3a53f9d0e8e48e623a4a498608058f111f4d42d5cd1971ee4c0e33,4096,3072,2026:08:16 17:35:13,45.0351561944444,-93.41562975,288.148,true
DJI_20260816173516_0068_D.JPG,DJI_20260816173516_0068_D,8773632,e4814fa0804a09b785e2741e435ec204a3582c695d8b980ae867ad4e2a65fc5a,4096,3072,2026:08:16 17:35:16,45.0351392222222,-93.4156188611111,288.148,true
DJI_20260816173519_0069_D.JPG,DJI_20260816173519_0069_D,8949760,b8531555e326ea2de0fd72074a205ac4f66ea57069d60b901c186d72ad2e6983,4096,3072,2026:08:16 17:35:19,45.0351285833333,-93.4156108055556,288.348,true
DJI_20260816173522_0070_D.JPG,DJI_20260816173522_0070_D,9535488,6769b15f929e31c3f2c7965b8a4549788d3a9719caab4f90a1f16017a4fdc203,4096,3072,2026:08:16 17:35:22,45.0351066388889,-93.4155983888889,288.348,true
DJI_20260816173525_0071_D.JPG,DJI_20260816173525_0071_D,10244096,962b594f1ba304cc051acf184888e9b84473fd03f8330e450b81c72c40a69103,4096,3072,2026:08:16 17:35:25,45.0350895833333,-93.41558625,288.348,true
DJI_20260816173528_0072_D.JPG,DJI_20260816173528_0072_D,10817536,923abd6a955b6bb1ac7b5cba8902321a4d126cf53b09e62c1a5327f71f8df2b0,4096,3072,2026:08:16 17:35:28,45.0350666944444,-93.4155715,288.348,true
DJI_20260816173531_0073_D.JPG,DJI_20260816173531_0073_D,11108352,a8a39e1f7599fbba27401cbb4609731198a1ecca401c89b56bd36e120b73405d,4096,3072,2026:08:16 17:35:31,45.0350357222222,-93.4155527222222,288.348,true
DJI_20260816173534_0074_D.JPG,DJI_20260816173534_0074_D,11071488,abf4279ae904f626fe238954784942e8baf0231755d247bf1a46721e591d51ac,4096,3072,2026:08:16 17:35:34,45.0350091666667,-93.4155325833333,288.348,true
DJI_20260816173545_0075_D.JPG,DJI_20260816173545_0075_D,13053952,57c8ee90fa3e5b6fe02de8c7793bf75c2ef68d4e02bef8090bfc61ee8c181b63,4096,3072,2026:08:16 17:35:45,45.0350176111111,-93.4154894166667,288.448,true
DJI_20260816173548_0076_D.JPG,DJI_20260816173548_0076_D,12951552,d93437909f189be05d23337f1ead73f7940257be835747b107cea3928f3a33bc,4096,3072,2026:08:16 17:35:48,45.0350386111111,-93.4155021388889,288.448,true
DJI_20260816173551_0077_D.JPG,DJI_20260816173551_0077_D,12980224,972e9ab6d493c14619432490ea1fdba0bf925bd077c474d167de4045bbd4a74b,4096,3072,2026:08:16 17:35:51,45.0350525555556,-93.4155088333333,288.448,true
DJI_20260816173554_0078_D.JPG,DJI_20260816173554_0078_D,12689408,fa29c68d1ecb98d1d0b310f400322cba72060352301deca72e494524eaa51430,4096,3072,2026:08:16 17:35:54,45.0350807222222,-93.4155226944444,288.348,true
DJI_20260816173557_0079_D.JPG,DJI_20260816173557_0079_D,11898880,f8c26f22c33ef7f3127c93d6d2b6b5fdc7360fe2b8b792ef2c9ec03d348c4cd2,4096,3072,2026:08:16 17:35:57,45.0351062222222,-93.4155370277778,288.448,true
DJI_20260816173600_0080_D.JPG,DJI_20260816173600_0080_D,10694656,684e38e1ea50bea211f7a4bf05ad6cc023331f9c428688e3eec0a38c759e48b6,4096,3072,2026:08:16 17:36:00,45.0351323055556,-93.4155521666667,288.448,true
DJI_20260816173603_0081_D.JPG,DJI_20260816173603_0081_D,10137600,8db72eda95da947e0424fe9f961d00ad00ba98fa12246a200831b4b75c4f336e,4096,3072,2026:08:16 17:36:03,45.0351626111111,-93.4155689166667,288.448,true
DJI_20260816173606_0082_D.JPG,DJI_20260816173606_0082_D,10174464,59440aaf9bad18a042095a7fa7579e661dd3b88d1181cb9fb3127dfcf8abd4e4,4096,3072,2026:08:16 17:36:06,45.0351893333333,-93.41558325,288.348,true
DJI_20260816173609_0083_D.JPG,DJI_20260816173609_0083_D,10063872,5187a99903723b9b6d386850393a519bfe6645d2fd310c02a922c125bdd9b51f,4096,3072,2026:08:16 17:36:09,45.0352167777778,-93.4156003611111,288.448,true
DJI_20260816173612_0084_D.JPG,DJI_20260816173612_0084_D,10133504,f634a541e15b3b69b55518b42d72f682fdc620fd888a50ea865ae046b8afeb7d,4096,3072,2026:08:16 17:36:12,45.0352421388889,-93.4156169722222,288.348,true
DJI_20260816173615_0085_D.JPG,DJI_20260816173615_0085_D,10100736,a8b773f8ded30f80232e5e1cd699c9cc312d14b0e8184197105ac240d37fb348,4096,3072,2026:08:16 17:36:15,45.0352600555556,-93.4156288055556,288.348,true
DJI_20260816173618_0086_D.JPG,DJI_20260816173618_0086_D,10235904,eb28c5f8cb14bee5da1288d90b6fba80b3a78d64680fb3fb2337a0f920e8e158,4096,3072,2026:08:16 17:36:18,45.0352788611111,-93.41563875,288.448,true
DJI_20260816173621_0087_D.JPG,DJI_20260816173621_0087_D,10702848,ab10369676a418d2e91f305dc33a9ebf8d417cb9ba8000615aff2cd89f116b60,4096,3072,2026:08:16 17:36:21,45.0353022222222,-93.4156535277778,288.348,true
DJI_20260816173624_0088_D.JPG,DJI_20260816173624_0088_D,11169792,6a54b45bf30eadaedd5dbe3094a2e1a342d060c7abb8b702bf1cecc688bb410b,4096,3072,2026:08:16 17:36:24,45.0353270555556,-93.415666,288.448,true
DJI_20260816173627_0089_D.JPG,DJI_20260816173627_0089_D,11259904,1b70ec63e520939cf1dda815d043e0046a9c7b61327a9f9e668f3a275a3a3fa7,4096,3072,2026:08:16 17:36:27,45.0353579444444,-93.4156831388889,288.348,true
DJI_20260816173630_0090_D.JPG,DJI_20260816173630_0090_D,11194368,ff6766c7375ee661cfa8f2193ee1d2dbfcc7b1f071f1d4df51671bca6999e743,4096,3072,2026:08:16 17:36:30,45.0354005833333,-93.4157091666667,288.448,true
DJI_20260816173633_0091_D.JPG,DJI_20260816173633_0091_D,11583488,6874c8eb7aa5073b3c71965ce64bd5e4c595c97ed885203b7b145206f4240bcb,4096,3072,2026:08:16 17:36:33,45.0354296666667,-93.4157253888889,288.448,true
DJI_20260816173636_0092_D.JPG,DJI_20260816173636_0092_D,12632064,8813917e47537c8a602b610cf0c4d9111a4bec435ea4e5dc2021204bbdff2d5c,4096,3072,2026:08:16 17:36:36,45.0354429444444,-93.4157309722222,288.448,true
DJI_20260816173644_0093_D.JPG,DJI_20260816173644_0093_D,15777792,ab237be76cd63b9a0d041115c0f0462f0829ba6ba4982bbbf3d36715f7aba8bf,4096,3072,2026:08:16 17:36:44,45.0354526388889,-93.415697,288.448,true
DJI_20260816173647_0094_D.JPG,DJI_20260816173647_0094_D,14938112,a814cb65c343d2f0498f8ede994e4ca1daf1819267cc3842d34d0cab7791331f,4096,3072,2026:08:16 17:36:47,45.0354123333333,-93.4156730555556,288.348,true
DJI_20260816173650_0095_D.JPG,DJI_20260816173650_0095_D,14905344,162647de78b5884c88632093433ff4d782815ccfdaa058817fc7e5aef2f5b379,4096,3072,2026:08:16 17:36:50,45.0354065833333,-93.4156704166667,288.448,true
DJI_20260816173653_0096_D.JPG,DJI_20260816173653_0096_D,14598144,72668e2bb42b0b1cd5e97ec2eef804c8adf8ea5de75b7dc3d00c6e98a4769aa5,4096,3072,2026:08:16 17:36:53,45.0354011944444,-93.4156669722222,288.748,true
DJI_20260816173656_0097_D.JPG,DJI_20260816173656_0097_D,13869056,48d27cb3894e9eefca5c769073c2bf948ad92a8c6841bc21cb252579c4a47ecb,4096,3072,2026:08:16 17:36:56,45.0353893333333,-93.4156660833333,288.848,true
DJI_20260816173659_0098_D.JPG,DJI_20260816173659_0098_D,12800000,bf86f9b672e01f18daea872517d11914a45ba1d26b91b3b778578d9afe7772a9,4096,3072,2026:08:16 17:36:59,45.0353733611111,-93.4156578333333,288.848,true
DJI_20260816173702_0099_D.JPG,DJI_20260816173702_0099_D,11948032,1d81cfbac113e9a537023223aad2b2cc3449aafe79628e0bcb4ff149e1c41707,4096,3072,2026:08:16 17:37:02,45.0353535277778,-93.4156460833333,288.848,true
DJI_20260816173705_0100_D.JPG,DJI_20260816173705_0100_D,11411456,e0e9eb8077bd41d423fd7db2b941ca7867cac0c2acc1e2b14f9cd37159143696,4096,3072,2026:08:16 17:37:05,45.0353315,-93.4156306388889,288.848,true
DJI_20260816173708_0101_D.JPG,DJI_20260816173708_0101_D,10829824,0ab35914fa48bb801c935f702ee3a6e60540899a84c6275abe2495ce0682a75c,4096,3072,2026:08:16 17:37:08,45.0353260833333,-93.4156323055556,288.848,true
DJI_20260816173711_0102_D.JPG,DJI_20260816173711_0102_D,10321920,9d99d1d7d62515633c17a85dda9edb618305391a9d3672a55260bc84ae5ab2e2,4096,3072,2026:08:16 17:37:11,45.0353143611111,-93.4156261666667,288.848,true
DJI_20260816173714_0103_D.JPG,DJI_20260816173714_0103_D,10190848,8b5d456fb7fa06be98d67edf108a3d0c4bc4e43203b315fac317725fc29b036a,4096,3072,2026:08:16 17:37:14,45.0353096388889,-93.4156211111111,288.848,true
DJI_20260816173717_0104_D.JPG,DJI_20260816173717_0104_D,10244096,311e3a2aff2177919002ce1be8969fedd326c766d764cff401f332044d0aa02c,4096,3072,2026:08:16 17:37:17,45.0353088611111,-93.4156201666667,288.848,true
DJI_20260816173726_0105_D.JPG,DJI_20260816173726_0105_D,10014720,b4dfbf753b2d55e32d864a3fe93e93295f5c2d736445b94772a92f3916525030,4096,3072,2026:08:16 17:37:26,45.0353026111111,-93.4156157222222,288.848,true
DJI_20260816173729_0106_D.JPG,DJI_20260816173729_0106_D,9981952,379de544f92b4a49af9019004ec4a2cb3ec031c2ca7de104f45792c7921df516,4096,3072,2026:08:16 17:37:29,45.03528375,-93.4156048055556,288.848,true
DJI_20260816173732_0107_D.JPG,DJI_20260816173732_0107_D,10149888,a3640aa53a6b2a79b04e08698f7a67cab5b1c1c8ace30899f3a5617c9ffc7e9b,4096,3072,2026:08:16 17:37:32,45.0352625277778,-93.4155895,288.848,true
DJI_20260816173735_0108_D.JPG,DJI_20260816173735_0108_D,10412032,8a320bde48d96b3fdab924691c3cfb8897d3b3d5919d8df0bb54499ead9ba464,4096,3072,2026:08:16 17:37:35,45.0352442777778,-93.4155772222222,288.848,true
DJI_20260816173738_0109_D.JPG,DJI_20260816173738_0109_D,10649600,d744fb7250fb3b6f3a557bc791419ab7482a49c697bdf4319a1f761e4e36eddd,4096,3072,2026:08:16 17:37:38,45.0352159722222,-93.41555825,288.848,true
DJI_20260816173741_0110_D.JPG,DJI_20260816173741_0110_D,10506240,85e93ecbc12ee7baf54913af3ba666d0b3d114eb1dca8ad400aac951bfdd3a3b,4096,3072,2026:08:16 17:37:41,45.0351956111111,-93.4155444444444,288.848,true
DJI_20260816173744_0111_D.JPG,DJI_20260816173744_0111_D,10280960,7a5d1d519db4712c071d6cd72a9325f673b61d6973784ee602610d02e9bec3e1,4096,3072,2026:08:16 17:37:44,45.0351723333333,-93.4155288888889,288.848,true
DJI_20260816173747_0112_D.JPG,DJI_20260816173747_0112_D,10498048,fc8e341013397a1549aa546ad82bd8218debaca32d33ac20b9cb4003e8c2404f,4096,3072,2026:08:16 17:37:47,45.0351499444444,-93.41551325,288.848,true
DJI_20260816173750_0113_D.JPG,DJI_20260816173750_0113_D,11390976,ce41e52c8502bd017ebfaa2c3ba29551e492819c2af79c6954c82a0f8c029480,4096,3072,2026:08:16 17:37:50,45.0351245277778,-93.4154957222222,288.748,true
DJI_20260816173753_0114_D.JPG,DJI_20260816173753_0114_D,12279808,9a9d651bb0b409097284ac858004e0fb9cab1658111e7ff8c7cc2761bb5413d6,4096,3072,2026:08:16 17:37:53,45.0350990555556,-93.4154803611111,288.748,true
DJI_20260816173756_0115_D.JPG,DJI_20260816173756_0115_D,13058048,6e2a97a5e11cb62299a08862ea7e29fc79c736b6bdf4700c1a85e0d50d43a5c0,4096,3072,2026:08:16 17:37:56,45.0350766944444,-93.4154659166667,288.848,true
DJI_20260816173759_0116_D.JPG,DJI_20260816173759_0116_D,13971456,0da931325ab242f1e96604f9a479bc1d1009bd97e29729fbd9b8380f96837c5d,4096,3072,2026:08:16 17:37:59,45.0350495,-93.4154505,288.848,true
DJI_20260816173802_0117_D.JPG,DJI_20260816173802_0117_D,13733888,062b24511c4aa55cbcd75a06306f637552abb1a8c1e8d51ef0f3ef53486cd642,4096,3072,2026:08:16 17:38:02,45.0350284444444,-93.4154321111111,288.848,true
DJI_20260816173814_0118_D.JPG,DJI_20260816173814_0118_D,11743232,68032540091e1826b99116df1fe5890577f4f285862a2b6ccb6b53daaf13c47f,4096,3072,2026:08:16 17:38:14,45.0350345277778,-93.4154019722222,288.848,true
DJI_20260816173817_0119_D.JPG,DJI_20260816173817_0119_D,11452416,81c6cf59fffebe39ab783dfb0c05f28a2628617ff7fcc210f9aee84e1750b503,4096,3072,2026:08:16 17:38:17,45.0350576111111,-93.4154158888889,288.848,true
DJI_20260816173820_0120_D.JPG,DJI_20260816173820_0120_D,11059200,35b4a5773f924e3af7931dc847cbf6eaab7b1751c00e161b0297bad19016e4b9,4096,3072,2026:08:16 17:38:20,45.0351050555556,-93.4154421666667,288.748,true
DJI_20260816173823_0121_D.JPG,DJI_20260816173823_0121_D,10600448,2c5494ba2e6b546b5008cae9afbb9a4e4b09f1f5ad6d92c59b80fdb81300249e,4096,3072,2026:08:16 17:38:23,45.0351431944444,-93.4154641666667,288.848,true
DJI_20260816173826_0122_D.JPG,DJI_20260816173826_0122_D,10317824,b196958ec660867355680c285a0974c40fd4696963f494edaef0fbad1d28736f,4096,3072,2026:08:16 17:38:26,45.03517975,-93.4154859166667,288.848,true
DJI_20260816173829_0123_D.JPG,DJI_20260816173829_0123_D,10231808,251c80567ca34a20132a2c7c768a882a9e91cfcb82e89da538374cb74dbafc2d,4096,3072,2026:08:16 17:38:29,45.0352008611111,-93.4154990277778,288.848,true
DJI_20260816173832_0124_D.JPG,DJI_20260816173832_0124_D,10309632,b8da02fb63b27c71d60d33569c2f1d58058824a4788627e0aa445bac18bc24d2,4096,3072,2026:08:16 17:38:32,45.0352366944444,-93.4155205555556,288.848,true
DJI_20260816173835_0125_D.JPG,DJI_20260816173835_0125_D,10145792,aa2dc4e3f43543fa56aaa77a910026e74878f52c940d146524247e488d50c8e4,4096,3072,2026:08:16 17:38:35,45.0352345833333,-93.4155405277778,288.848,true
DJI_20260816173842_0126_D.JPG,DJI_20260816173842_0126_D,10301440,763272667e33fab69171273ae12f2703ca7e78385a0fc2e352d242da0aeaf92a,4096,3072,2026:08:16 17:38:42,45.0352601944444,-93.4155526388889,288.848,true
DJI_20260816173845_0127_D.JPG,DJI_20260816173845_0127_D,10297344,e57c87d22d486179d06d2b17110421c45b6413d1232be9063b4455d986a57e90,4096,3072,2026:08:16 17:38:45,45.0352682777778,-93.4155582777778,288.848,true
DJI_20260816173848_0128_D.JPG,DJI_20260816173848_0128_D,10342400,4ed21a6f8f852b43edac526b76b5c7d31f82ec3c1ef7f79ff224b742453834f2,4096,3072,2026:08:16 17:38:48,45.0352733333333,-93.4155631944444,288.848,true
DJI_20260816173912_0135_D.JPG,DJI_20260816173912_0135_D,12079104,bdebd34c20490736dc813080759f5175074376da201eb9989c0739fe5674f49a,4096,3072,2026:08:16 17:39:12,45.0353192777778,-93.4156129722222,288.748,true
DJI_20260816173915_0136_D.JPG,DJI_20260816173915_0136_D,12824576,56eb35b207f5a0d8748e89a78040beca9117a13aa363eeae342921487040fef7,4096,3072,2026:08:16 17:39:15,45.0353465,-93.4156291388889,288.848,true
DJI_20260816173918_0137_D.JPG,DJI_20260816173918_0137_D,14344192,cdcf7b12601ecd8e2d3f9bf802ed51e9f72fde9d5b92d84c3d4a2eb8fb04ead8,4096,3072,2026:08:16 17:39:18,45.0353785555556,-93.4156461666667,288.748,true
DJI_20260816173921_0138_D.JPG,DJI_20260816173921_0138_D,15147008,c450d18cb4ad5bdd2ec827d3ea963afd9f818c97b97315a7d515e9b4e6241efc,4096,3072,2026:08:16 17:39:21,45.0354104166667,-93.4156651111111,288.848,true
DJI_20260816174417_0166_D.JPG,DJI_20260816174417_0166_D,10166272,b7982288e2dc018226c08b94a584826421ec6e543c197c564c06387592dc0592,4096,3072,2026:08:16 17:44:17,45.0354124444444,-93.4157993055556,274.611,true
DJI_20260816174420_0167_D.JPG,DJI_20260816174420_0167_D,10940416,5dab85e6b2bef21db1c61f1c1a2e85d7e876ec2fa866f7956ff37c848626ee73,4096,3072,2026:08:16 17:44:20,45.0354214444444,-93.4157675555556,274.611,true
DJI_20260816174423_0168_D.JPG,DJI_20260816174423_0168_D,11288576,fd0a6b06dad2f76eaaa999a90083f3be7086393ced9013ceaea5ffa2397a491e,4096,3072,2026:08:16 17:44:23,45.0354223611111,-93.4157360555556,274.711,true
DJI_20260816174426_0169_D.JPG,DJI_20260816174426_0169_D,11436032,cfa0c448a3c12ac1ac106142099da16e226705424b7cb53bd11d11de47b864ab,4096,3072,2026:08:16 17:44:26,45.0354254166667,-93.4157210277778,274.611,true
DJI_20260816174429_0170_D.JPG,DJI_20260816174429_0170_D,11603968,1f513c3149eeb57659b3ddc0c0685597978dc007b92583ecd8303f31904a464c,4096,3072,2026:08:16 17:44:29,45.0354304722222,-93.4157011388889,274.611,true
DJI_20260816174432_0171_D.JPG,DJI_20260816174432_0171_D,11857920,c5839928cd49aedbd9760d5871ef55a63213c850734b828fdc0e31201e83dbdc,4096,3072,2026:08:16 17:44:32,45.0354402222222,-93.4156716666667,274.611,true
DJI_20260816174435_0172_D.JPG,DJI_20260816174435_0172_D,10334208,ec953fbc55efd32e5c15319ce9d2494d847ef923e3ff776667da16f00e3db47c,4096,3072,2026:08:16 17:44:35,45.0354430833333,-93.4156593611111,274.711,true
DJI_20260816174438_0173_D.JPG,DJI_20260816174438_0173_D,10022912,3e1267ed239adbeda379da36544829c4a04331106bc6f94c011db598a882151f,4096,3072,2026:08:16 17:44:38,45.0354306111111,-93.4156183055556,274.611,true
DJI_20260816174441_0174_D.JPG,DJI_20260816174441_0174_D,9674752,1a26f40135ccb17b46f6e109d6873573cfad93cb9e1b4fee0b0beae1ad920bfe,4096,3072,2026:08:16 17:44:41,45.0354177777778,-93.4155928055556,274.611,true
DJI_20260816174444_0175_D.JPG,DJI_20260816174444_0175_D,8945664,6faec2d282673cacadfc47875b752baf3ae3e57f0194a00b7922f7800942daef,4096,3072,2026:08:16 17:44:44,45.0353981111111,-93.4155666944445,274.611,true
DJI_20260816174447_0176_D.JPG,DJI_20260816174447_0176_D,7757824,64349a20eb9666827ad581ff30e95a257cbddcdb257a9c85e78da49dfed15deb,4096,3072,2026:08:16 17:44:47,45.03537475,-93.4155433055556,274.611,true
DJI_20260816174450_0177_D.JPG,DJI_20260816174450_0177_D,6959104,a7e867d1a4696031da18bd081f260673f39d4ac1b2129f30ef24e51ac742e6a0,4096,3072,2026:08:16 17:44:50,45.0353409722222,-93.4155161111111,274.611,true
DJI_20260816174453_0178_D.JPG,DJI_20260816174453_0178_D,7233536,a17675ba212f67faec9b5d93dd292028bf5c32c6ac6a7d1ef68d2a7e6307b48f,4096,3072,2026:08:16 17:44:53,45.0353210277778,-93.4155015555556,274.611,true
DJI_20260816174456_0179_D.JPG,DJI_20260816174456_0179_D,7258112,04d35880d10a7f05c28873899a8da989cf4af370565c45857a8833710becbe84,4096,3072,2026:08:16 17:44:56,45.0353098333333,-93.4154940277778,274.611,true
DJI_20260816174459_0180_D.JPG,DJI_20260816174459_0180_D,7311360,bcee149a312f410df96e21ec42843e8b546288229fcdff1bbc6073a706189651,4096,3072,2026:08:16 17:44:59,45.0352992777778,-93.4154989444445,274.611,true
DJI_20260816174502_0181_D.JPG,DJI_20260816174502_0181_D,8200192,1252e49c3ee6159055808ecfd109479efb63f7712db2b1e4f1d51325fcfb69c7,4096,3072,2026:08:16 17:45:02,45.0352783888889,-93.4155084444444,274.611,true
DJI_20260816174505_0182_D.JPG,DJI_20260816174505_0182_D,8048640,3181b7dc4587fa43690dfc83b7c476a3637ad3d57f67f0e050bb044a0c05c4b7,4096,3072,2026:08:16 17:45:05,45.0352641388889,-93.4154993888889,274.611,true
DJI_20260816174508_0183_D.JPG,DJI_20260816174508_0183_D,7634944,412583a8a5206bcefb7720c7a46727df376f95e757776280cd7d68ebcb6e0c40,4096,3072,2026:08:16 17:45:08,45.0352545555556,-93.4154930833333,274.611,true
DJI_20260816174511_0184_D.JPG,DJI_20260816174511_0184_D,7577600,1ed68be99e91ff071fa057d6d0e71ce042a6654d3acf4c1710c6976a412d7512,4096,3072,2026:08:16 17:45:11,45.0352417777778,-93.4154906388889,274.611,true
DJI_20260816174514_0185_D.JPG,DJI_20260816174514_0185_D,6979584,31fa10a808268a5e9ef0c452324284eda0a5c4b07e8f16abf072f2a827da3aad,4096,3072,2026:08:16 17:45:14,45.0352286388889,-93.4154835833333,274.611,true
DJI_20260816174517_0186_D.JPG,DJI_20260816174517_0186_D,6287360,8a500694f684e8e88bd98509239cacb84d1a8ed495a3872ad4b7bd35b43c81f0,4096,3072,2026:08:16 17:45:17,45.0352186666667,-93.4154771111111,274.611,true
DJI_20260816174520_0187_D.JPG,DJI_20260816174520_0187_D,6197248,68b51435776369f8db048bb50f51b5e5beab10d98a5f1076e979990138259a11,4096,3072,2026:08:16 17:45:20,45.0352096111111,-93.4154720833333,274.611,true
DJI_20260816174523_0188_D.JPG,DJI_20260816174523_0188_D,6483968,f3acd3b4bbd5ebb302d5cb158b3ea9790a17f6c92041bd2084d45271f0070026,4096,3072,2026:08:16 17:45:23,45.0352011111111,-93.4154675555556,274.611,true
DJI_20260816174526_0189_D.JPG,DJI_20260816174526_0189_D,6418432,9d0a3d685f8b6dcc16ede24a6a6918c9aa26b82b06dc7836a4e63c4a6f56f1d1,4096,3072,2026:08:16 17:45:26,45.0351895555556,-93.4154597222222,274.611,true
DJI_20260816174529_0190_D.JPG,DJI_20260816174529_0190_D,6332416,3c29d7ab2854346df2ca251538883eb10eca81d8ce9508fb4ca1b17eb38cf6d2,4096,3072,2026:08:16 17:45:29,45.0351808888889,-93.4154556111111,274.611,true
DJI_20260816174532_0191_D.JPG,DJI_20260816174532_0191_D,5890048,dcfb497f8a085cf3afd1b4ae9b4db1579cb4edc9b22e92bd6586003c55aca700,4096,3072,2026:08:16 17:45:32,45.03517175,-93.4154511111111,274.711,true
DJI_20260816174535_0192_D.JPG,DJI_20260816174535_0192_D,5914624,f0db8a0c5f6db2a007d400042babb46a65cbe459bc6a15d2b8b6d43b800f0391,4096,3072,2026:08:16 17:45:35,45.0351604722222,-93.4154436944444,274.611,true
DJI_20260816174538_0193_D.JPG,DJI_20260816174538_0193_D,7090176,8d7508ea635c491ab333b53387dee11142956fe39ffcd51ac92a21dc9a23397a,4096,3072,2026:08:16 17:45:38,45.0351443055556,-93.4154341944444,274.611,true
DJI_20260816174541_0194_D.JPG,DJI_20260816174541_0194_D,8544256,5094bd11b310e872a1a68efe4a935af99f065ca79025fe05caf3cbc3aa91d6e6,4096,3072,2026:08:16 17:45:41,45.0351278333333,-93.4154239722222,274.711,true
DJI_20260816174544_0195_D.JPG,DJI_20260816174544_0195_D,9052160,a56465c47f76d54a85d9ebdd5de6cb416b3b6223e26fc307f94c21bd44c17ddc,4096,3072,2026:08:16 17:45:44,45.0351118055556,-93.4154155,274.611,true
DJI_20260816174550_0197_D.JPG,DJI_20260816174550_0197_D,9285632,7af6c972b5ee4205f30fca3b7b5eee18fe43810a086eac451d0740ce37839398,4096,3072,2026:08:16 17:45:50,45.0350829722222,-93.4154213333333,274.611,true
DJI_20260816174556_0199_D.JPG,DJI_20260816174556_0199_D,7446528,130772b6ca238079cf33e65bb33c0b5b340e2d0d1430857570a838bad4d80409,4096,3072,2026:08:16 17:45:56,45.0350344722222,-93.4154103888889,274.611,true
DJI_20260816174559_0200_D.JPG,DJI_20260816174559_0200_D,8146944,bc6d4c93f9406b13144e580e44185a25a7e66f5dc9f20d5dffbae2f8b7cbef8b,4096,3072,2026:08:16 17:45:59,45.0350100277778,-93.4154285277778,274.611,true
DJI_20260816174602_0201_D.JPG,DJI_20260816174602_0201_D,9842688,b082515b63c153ae90e62c3206c436bc2d8e84704fb7f6114de53a5f3cd4ff4a,4096,3072,2026:08:16 17:46:02,45.0349988055556,-93.4154453888889,274.611,true
DJI_20260816174605_0202_D.JPG,DJI_20260816174605_0202_D,10235904,7f39aeb3c9dd4550e42c20cf601d0d9394046362befa9e27d38dab8b423ad3eb,4096,3072,2026:08:16 17:46:05,45.034989,-93.4154700833333,274.611,true
DJI_20260816174608_0203_D.JPG,DJI_20260816174608_0203_D,9957376,0a39f498897a07782cccf55160f894a7093460f0b10ff5d3fe7459cc8c3e8510,4096,3072,2026:08:16 17:46:08,45.0349749444444,-93.4155095277778,274.611,true
DJI_20260816174611_0204_D.JPG,DJI_20260816174611_0204_D,9912320,255aca6e971abd9cd5e38ca8c4af5e72fad9295d09d3437d02aca2640e40a4ed,4096,3072,2026:08:16 17:46:11,45.0349623055556,-93.4155450833333,274.611,true
DJI_20260816174614_0205_D.JPG,DJI_20260816174614_0205_D,10244096,db32d57c3e0bc97d23bdac438e3a6ced61d40812c0a3762523ea02b3e2e2da24,4096,3072,2026:08:16 17:46:14,45.0349535555556,-93.4155733333333,274.611,true
DJI_20260816174617_0206_D.JPG,DJI_20260816174617_0206_D,10256384,ac4731491c3601573c7279c95ed85acedd1c1138c4f01cb3149e6e58f46e9a48,4096,3072,2026:08:16 17:46:17,45.034941,-93.4156145,274.611,true
DJI_20260816174628_0207_D.JPG,DJI_20260816174628_0207_D,10350592,f82ab916794d4c69e35a3615bee346a47ac9a464e27e68d0ea8abde0a326af8d,4096,3072,2026:08:16 17:46:28,45.0349424166667,-93.4156149166667,277.911,true
DJI_20260816174743_0232_D.JPG,DJI_20260816174743_0232_D,11841536,9cee1d543cdd3e36bb442fb9fe5895753ca496189418ecee4aa9c4561d8a842a,4096,3072,2026:08:16 17:47:43,45.0354239722222,-93.4158831944444,277.911,true
DJI_20260816174746_0233_D.JPG,DJI_20260816174746_0233_D,11792384,88b1ed2559a09709e3a2a870486576a18fcba20ddd0274edcd0905e83913c485,4096,3072,2026:08:16 17:47:46,45.0354528333333,-93.4158223333333,278.011,true
DJI_20260816174749_0234_D.JPG,DJI_20260816174749_0234_D,11665408,b3355b6cd1deb8baab4c351ffea62b9bc8a2fd49d863456bb6775e48a1aab454,4096,3072,2026:08:16 17:47:49,45.0354629444444,-93.4157911944444,278.011,true
DJI_20260816174752_0235_D.JPG,DJI_20260816174752_0235_D,11448320,e43b44fce109dda2b3ea92a7cc0812b8c5a789a0844dadbbb446dbc6ec669dcb,4096,3072,2026:08:16 17:47:52,45.0354720555556,-93.4157326111111,277.911,true
DJI_20260816174755_0236_D.JPG,DJI_20260816174755_0236_D,11624448,0f4f594d7d6b23dbc205dccd1b66ab3171a0e4cd1e1d23316e8460e76a2a217e,4096,3072,2026:08:16 17:47:55,45.0354684166667,-93.4156950555556,277.911,true
DJI_20260816174758_0237_D.JPG,DJI_20260816174758_0237_D,10969088,a3dfeb310dec165bf44400a2d801198764df44325e74ad9b804fa97d03cc915f,4096,3072,2026:08:16 17:47:58,45.0354543055556,-93.4156430277778,277.911,true
DJI_20260816174801_0238_D.JPG,DJI_20260816174801_0238_D,10776576,d41372d7000eecdaec28e5b0389af1dabf9af7ef2790c1d4898485fe9f70511b,4096,3072,2026:08:16 17:48:01,45.0354388888889,-93.4156093888889,278.011,true
DJI_20260816174804_0239_D.JPG,DJI_20260816174804_0239_D,10379264,0b0a81f9ac9299308110c2fd948d02a60e998b0f4e876ff4ffcc1bcb6c0ce2a8,4096,3072,2026:08:16 17:48:04,45.0354217777778,-93.4155975,278.011,true
DJI_20260816174807_0240_D.JPG,DJI_20260816174807_0240_D,9256960,17aa5812e7d481afca5b9531b7dce2572f4007b2f7d67f07c94fbf234e2d6cf3,4096,3072,2026:08:16 17:48:07,45.0353939444444,-93.41558125,277.911,true
DJI_20260816174810_0241_D.JPG,DJI_20260816174810_0241_D,8232960,19bd1abd4b21e359553e0582c2cc442d20187cd0190d8602e49843c3fbbbc30b,4096,3072,2026:08:16 17:48:10,45.0353699166667,-93.4155659444444,278.011,true
DJI_20260816174813_0242_D.JPG,DJI_20260816174813_0242_D,7372800,dc2b277a0a85a83bb849a6c48d4aea94044f74b33d269018aa85dd732ebc3122,4096,3072,2026:08:16 17:48:13,45.0353446666667,-93.4155426388889,278.011,true
DJI_20260816174816_0243_D.JPG,DJI_20260816174816_0243_D,7266304,f701ece8baa324af9caf9eb2c417ac4c4d68a7199b3474212866b64fc18f1ead,4096,3072,2026:08:16 17:48:16,45.0353400277778,-93.4155143888889,278.011,true
DJI_20260816174819_0244_D.JPG,DJI_20260816174819_0244_D,7090176,82d32f4b3dc55b925d8d4352b736c96814ef4949992e427ed97fc79073e6a49a,4096,3072,2026:08:16 17:48:19,45.0353250833333,-93.4155015833333,277.911,true
DJI_20260816174822_0245_D.JPG,DJI_20260816174822_0245_D,7122944,0a39ba851061648b143bf4ebdb1b042719fde01b5b90618cfcaf322c131584b8,4096,3072,2026:08:16 17:48:22,45.0353040277778,-93.4154871388889,278.011,true
DJI_20260816174825_0246_D.JPG,DJI_20260816174825_0246_D,7053312,de9821b64f41acfc7b99400cb517a57adfe0f88dce1817150038269616bf562e,4096,3072,2026:08:16 17:48:25,45.0352764444444,-93.4154930555556,277.911,true
DJI_20260816174828_0247_D.JPG,DJI_20260816174828_0247_D,7540736,1f2c818ab0e128e8f4aae301a07e29cf74505274f4e5391495c7f5a58162f2bf,4096,3072,2026:08:16 17:48:28,45.0352697777778,-93.4154816111111,278.011,true
DJI_20260816174831_0248_D.JPG,DJI_20260816174831_0248_D,7221248,f479bd12b115f6bcfd38c27a20c0e1202f8749b0ab7a153cba8ec894c4e29fb0,4096,3072,2026:08:16 17:48:31,45.0352479444444,-93.415457,278.011,true
DJI_20260816174834_0249_D.JPG,DJI_20260816174834_0249_D,7077888,ac65abe93a97303e6b4908a5a915bad8fc3f246cfea27a7f96a3d587dd151b12,4096,3072,2026:08:16 17:48:34,45.0352358888889,-93.4154486388889,278.011,true
DJI_20260816174837_0250_D.JPG,DJI_20260816174837_0250_D,7290880,9f6bc0428882c98b8fc068f9913b83559ed361c92f50fc4ee9a37ae52f394966,4096,3072,2026:08:16 17:48:37,45.0352223611111,-93.4154394444444,278.011,true
DJI_20260816174840_0251_D.JPG,DJI_20260816174840_0251_D,7438336,ecbae8f75a6eda1a4a2b1fe9cf62eb960eedb968d2759e96d5ad52fd75a326e6,4096,3072,2026:08:16 17:48:40,45.0351981666667,-93.4154198055556,278.011,true
DJI_20260816174843_0252_D.JPG,DJI_20260816174843_0252_D,7680000,c54984927102017e85d1f92a7a21947739d7b0d247aaca23f9a6f3575592a700,4096,3072,2026:08:16 17:48:43,45.0351833055556,-93.4154097222222,277.911,true
DJI_20260816174846_0253_D.JPG,DJI_20260816174846_0253_D,8351744,7d6e2fecd96489376f3900dfb87ffb2179eb3caa18ac8b095acf19abeb6fb57b,4096,3072,2026:08:16 17:48:46,45.03515975,-93.4153924722222,278.011,true
DJI_20260816174849_0254_D.JPG,DJI_20260816174849_0254_D,8970240,4bd9094e2f2ea2138a25ff773cf2f2b989800e3e089e7074f9f8a8e52b7e4a53,4096,3072,2026:08:16 17:48:49,45.0351355555556,-93.4153743333333,277.911,true
DJI_20260816174852_0255_D.JPG,DJI_20260816174852_0255_D,9756672,1b6327cc82381e500fe0d90161deb0d05bb1d714deb420271cdc3aa2656b2edc,4096,3072,2026:08:16 17:48:52,45.03511875,-93.4153531944444,278.011,true
DJI_20260816174855_0256_D.JPG,DJI_20260816174855_0256_D,8237056,4d8a25fe51624c9cdfcc4ff8e002d0522a1498f7eadf13419778243b96069305,4096,3072,2026:08:16 17:48:55,45.0350941666667,-93.4153508888889,277.911,true
DJI_20260816174858_0257_D.JPG,DJI_20260816174858_0257_D,8957952,98983c39952134dac5bed6fe6df7cf6b5430e6234297d51c7022e663696051c0,4096,3072,2026:08:16 17:48:58,45.0350486388889,-93.4153748611111,277.911,true
DJI_20260816174901_0258_D.JPG,DJI_20260816174901_0258_D,10190848,6df36498c1e6b94802d81f1291a565506888379a58c6da2e857ab3091ae34ce0,4096,3072,2026:08:16 17:49:01,45.0350245277778,-93.4154031666667,277.911,true
DJI_20260816174904_0259_D.JPG,DJI_20260816174904_0259_D,10203136,8de7c9d47f59eb80fe7134f840da49842657a0c889b1e71e3a83a3c8a9d536aa,4096,3072,2026:08:16 17:49:04,45.0349922777778,-93.4154498055556,277.911,true
DJI_20260816174907_0260_D.JPG,DJI_20260816174907_0260_D,10715136,f34628a37b1990320bebcb50b186464594251c693bb005581d2153d70053bd72,4096,3072,2026:08:16 17:49:07,45.0349643888889,-93.4155098611111,277.911,true
DJI_20260816174910_0261_D.JPG,DJI_20260816174910_0261_D,10842112,d11f5fe814f60e823306f1f64e478daf0a649e8ba7b644d8c08944ed40ed29e4,4096,3072,2026:08:16 17:49:10,45.0349573055556,-93.4155253055556,277.911,true
DJI_20260816174913_0262_D.JPG,DJI_20260816174913_0262_D,11665408,286c995a03bc2b46823e3a5700a226fcbab354f05486aeccf9f5b6259a4b27b3,4096,3072,2026:08:16 17:49:13,45.0349386944444,-93.4155850277778,277.911,true
DJI_20260816174916_0263_D.JPG,DJI_20260816174916_0263_D,10395648,16ffe72a40f0c9ecab7db4e2dbb3bbf717c1504592bdcdc4183aa0e0a002ec41,4096,3072,2026:08:16 17:49:16,45.03493425,-93.4156035,282.211,true
DJI_20260816174919_0264_D.JPG,DJI_20260816174919_0264_D,12730368,6de0ae20976a9e463d2e579d5dd153f6671e8ebe29fef05b3cc1bceaa89707c7,4096,3072,2026:08:16 17:49:19,45.0349368055556,-93.4156065833333,282.911,true
DJI_20260816174922_0265_D.JPG,DJI_20260816174922_0265_D,12075008,b863b48725632e9d4e20403c4596110304c4a6061291f58adede372fb19a2ce7,4096,3072,2026:08:16 17:49:22,45.0349665,-93.4156136666667,282.911,true
DJI_20260816174925_0266_D.JPG,DJI_20260816174925_0266_D,11927552,3c3863842ff3d00e276401e1e3995eb24b010bc7470f0d5d7a727ff9b777dbf8,4096,3072,2026:08:16 17:49:25,45.0349665,-93.4156435555556,282.911,true
DJI_20260816175013_0282_D.JPG,DJI_20260816175013_0282_D,12189696,58a22913c88a1871fcbb54803403da1714f5bddbd4624400e830b8f605dff23b,4096,3072,2026:08:16 17:50:13,45.0354307777778,-93.4158309444445,282.911,true
DJI_20260816175016_0283_D.JPG,DJI_20260816175016_0283_D,12017664,0eb1d227c1e6a442803ad21f579925f39ad137ee94c37cb2157ed83e3f67def7,4096,3072,2026:08:16 17:50:16,45.0354543888889,-93.4157703333333,283.011,true
DJI_20260816175019_0284_D.JPG,DJI_20260816175019_0284_D,11886592,995623282781ac787e4580966ae10bd078a1fa310f3b149ffef21c9b22eb1a03,4096,3072,2026:08:16 17:50:19,45.0354591944444,-93.4157498333333,283.011,true
DJI_20260816175027_0285_D.JPG,DJI_20260816175027_0285_D,11939840,10d4484d3e41b9233d58ca04f0ce023c51664f0372d1dc7b3270d93ac02d5b73,4096,3072,2026:08:16 17:50:27,45.0354611111111,-93.4157382222222,283.011,true
DJI_20260816175030_0286_D.JPG,DJI_20260816175030_0286_D,12087296,d75f4915f746d9c2f43c2275920d214024d76d48fac1d21d1ce45d575ad6d973,4096,3072,2026:08:16 17:50:30,45.0354611666667,-93.4157240277778,283.011,true
DJI_20260816175033_0287_D.JPG,DJI_20260816175033_0287_D,12386304,8aba6f9247196883a1b685ad9b019303cb781d10e1515dc15fcd1bc937493799,4096,3072,2026:08:16 17:50:33,45.0354572222222,-93.4156884444444,283.011,true
DJI_20260816175036_0288_D.JPG,DJI_20260816175036_0288_D,12492800,080e85f285d9c5a45906998daf30777e0714ddc10b8d4d8672fe58b7f68f1c43,4096,3072,2026:08:16 17:50:36,45.0354481944444,-93.4156703055556,283.011,true
DJI_20260816175039_0289_D.JPG,DJI_20260816175039_0289_D,12767232,d7b0d6392d0e2152c3e9a0a19db79c6ec218f9ddbdd3ed6f982f275553aa9fcc,4096,3072,2026:08:16 17:50:39,45.0354247222222,-93.4156444444444,283.011,true
DJI_20260816175042_0290_D.JPG,DJI_20260816175042_0290_D,12144640,e04bf3ca05ff537a4b28dd849636e78e02244ebb8b8e8673ca4af35a50249633,4096,3072,2026:08:16 17:50:42,45.0354001944444,-93.4156083888889,283.011,true
DJI_20260816175045_0291_D.JPG,DJI_20260816175045_0291_D,11038720,030777a713226016852609d78ae09e6ec4897a841412e12037f69d0e07fa9070,4096,3072,2026:08:16 17:50:45,45.0353837222222,-93.4155844722222,282.911,true
DJI_20260816175048_0292_D.JPG,DJI_20260816175048_0292_D,11354112,4b1629e2ac94c99bb9154d077eda5f0d13c26eb6b75ce5283b8e58504ac83af4,4096,3072,2026:08:16 17:50:48,45.0353683333333,-93.4155687777778,282.911,true
DJI_20260816175051_0293_D.JPG,DJI_20260816175051_0293_D,11161600,a425a8d8d656dd27a05a92eb6417712c07aff595b4085c816b395862c15a9b74,4096,3072,2026:08:16 17:50:51,45.0353591111111,-93.4155615555556,283.011,true
DJI_20260816175054_0294_D.JPG,DJI_20260816175054_0294_D,10584064,2771d5db9b7715bd4c7bc2ac9e3dd46b7a6f2c9e67ea011c3a35fced9e952d4d,4096,3072,2026:08:16 17:50:54,45.0353391666667,-93.4155646666667,282.911,true
DJI_20260816175057_0295_D.JPG,DJI_20260816175057_0295_D,10215424,545d71a3a7dca849f0a8d0c9642be74915f293dc47274affdadb4919297d57bf,4096,3072,2026:08:16 17:50:57,45.0353184166667,-93.4155597777778,282.911,true
DJI_20260816175100_0296_D.JPG,DJI_20260816175100_0296_D,9768960,39d086c5050d42c5d7821b94803c09c31accc855c592bd2a8fe084be383c550e,4096,3072,2026:08:16 17:51:00,45.03530225,-93.4155418333333,282.911,true
DJI_20260816175103_0297_D.JPG,DJI_20260816175103_0297_D,9805824,db3fe337f26f5e59dcd53970badcaa8e34c0cda697932c5a3b1c2ec1040b80c2,4096,3072,2026:08:16 17:51:03,45.03528525,-93.4155270833333,282.911,true
DJI_20260816175106_0298_D.JPG,DJI_20260816175106_0298_D,9682944,3f20974f39382a6abf90459e039e39519573dcfd87810f4b0a2e5fcd47d2d560,4096,3072,2026:08:16 17:51:06,45.0352603333333,-93.4155078611111,283.011,true
DJI_20260816175109_0299_D.JPG,DJI_20260816175109_0299_D,9256960,96ae8a5ca9fa2f383d840ff4bc43fb9ba79162597c4760de1a902afea4d232dc,4096,3072,2026:08:16 17:51:09,45.0352561666667,-93.4154813611111,282.911,true
DJI_20260816175112_0300_D.JPG,DJI_20260816175112_0300_D,9175040,190205d96649f1fbe677e1b3396cc8767f33da929efd3e41940573ad7b5eecd8,4096,3072,2026:08:16 17:51:12,45.0352346944444,-93.41546425,282.911,true
DJI_20260816175115_0301_D.JPG,DJI_20260816175115_0301_D,9216000,03139895b2e2326f3e240b2ee1c2a9609b4a36d0c6660b6e65024130afe159a3,4096,3072,2026:08:16 17:51:15,45.0352108611111,-93.4154481111111,282.911,true
DJI_20260816175118_0302_D.JPG,DJI_20260816175118_0302_D,9248768,6c6d1d4c311171204a58114e8a635fa6fa64458019849deb5c9b3c25593eca30,4096,3072,2026:08:16 17:51:18,45.0351853611111,-93.4154329722222,282.911,true
DJI_20260816175121_0303_D.JPG,DJI_20260816175121_0303_D,9744384,95ba36f5ca0ad6599ebfcc1a18f082e3a8eda855c204d427fbf97ef2b2bed960,4096,3072,2026:08:16 17:51:21,45.0351505277778,-93.4154143611111,282.911,true
DJI_20260816175124_0304_D.JPG,DJI_20260816175124_0304_D,10522624,a3e79071d02f6a562ddc3453c5326f4617efbaa848f770706ea563e27dce0bb6,4096,3072,2026:08:16 17:51:24,45.0351193611111,-93.4153973888889,282.911,true
DJI_20260816175127_0305_D.JPG,DJI_20260816175127_0305_D,11153408,e13c71eef13e272b6d27bf79d782f64dc2d7138e061c37591bcb1513f9847f73,4096,3072,2026:08:16 17:51:27,45.0350907222222,-93.4153818888889,282.911,true
DJI_20260816175130_0306_D.JPG,DJI_20260816175130_0306_D,11120640,1654b9eb311cce75f5133aa5f5ef1981f650434ed163d63a655e2884969e8d41,4096,3072,2026:08:16 17:51:30,45.0350384722222,-93.4153845833333,282.911,true
DJI_20260816175133_0307_D.JPG,DJI_20260816175133_0307_D,11538432,7b0c97b2d754d7ec0c76a0e5bff614323d5c7083bfcf541a787c9b8671e384b3,4096,3072,2026:08:16 17:51:33,45.0349981944444,-93.4154242777778,282.911,true
DJI_20260816175136_0308_D.JPG,DJI_20260816175136_0308_D,11862016,ad3d254672e801fea513ef316dc0baa24ed4da75de0ed8aaae848a84e74041f3,4096,3072,2026:08:16 17:51:36,45.0349763611111,-93.41545675,282.911,true
DJI_20260816175139_0309_D.JPG,DJI_20260816175139_0309_D,12447744,b4d6f7c9d6dfb4990d31a241f70afab981c00e98e4023b505c739ebae5cdcc40,4096,3072,2026:08:16 17:51:39,45.0349531111111,-93.4155215555556,282.911,true
DJI_20260816175142_0310_D.JPG,DJI_20260816175142_0310_D,13316096,24954c658f136958f8f62146ee1b62fd4bb81b8fb35948bb1fbb3ae65288030c,4096,3072,2026:08:16 17:51:42,45.0349361111111,-93.41558675,282.911,true
DJI_20260816175145_0311_D.JPG,DJI_20260816175145_0311_D,12632064,8d4bbd470e3416a74644394de81af866e0f1c214c4153d45360d348bde5f291c,4096,3072,2026:08:16 17:51:45,45.0349315277778,-93.4156221944444,282.911,true
DJI_20260816175148_0312_D.JPG,DJI_20260816175148_0312_D,12443648,18948558dd18503313380f472e565778b9dd705f800cc2dbd87238debf29afcf,4096,3072,2026:08:16 17:51:48,45.0349373611111,-93.4156551666667,282.911,true
DJI_20260816175227_0313_D.JPG,DJI_20260816175227_0313_D,11235328,51b016074d3511a7e9c247908d64fec1f312004dd1207d0695aea364907d4b6c,4096,3072,2026:08:16 17:52:27,45.0350311111111,-93.4153402222222,274.511,true
DJI_20260816175230_0314_D.JPG,DJI_20260816175230_0314_D,11190272,0fa248aab0f5578720eaacda077c18b9474ac65a09c980286276d8df77787ff7,4096,3072,2026:08:16 17:52:30,45.0350311944444,-93.4153403333333,274.511,true
DJI_20260816180222_0315_D.JPG,DJI_20260816180222_0315_D,9392128,b18070a1af6056d1664d5fb72042a8c404559e0479cc05752b95e0657f56c254,4096,3072,2026:08:16 18:02:22,45.0349598888889,-93.4156407222222,274.971,true
DJI_20260816180225_0316_D.JPG,DJI_20260816180225_0316_D,9379840,ba93ada817bf0d62480c160b26dc7392cb633347700fd7b20980307d4ca94bff,4096,3072,2026:08:16 18:02:25,45.0349574722222,-93.4156485,274.971,true
DJI_20260816180228_0317_D.JPG,DJI_20260816180228_0317_D,9879552,d92aae1964f121097b23caccdee0984b6ee7326291dc9a364a9954946246b898,4096,3072,2026:08:16 18:02:28,45.0349479166667,-93.4156860277778,274.971,true
DJI_20260816180231_0318_D.JPG,DJI_20260816180231_0318_D,9977856,a1fc70b5efa44e18d9b696ab0b437e5d45e96a5b80b31864170446c57eb115a4,4096,3072,2026:08:16 18:02:31,45.0349484444444,-93.4157047222222,274.971,true
DJI_20260816180234_0319_D.JPG,DJI_20260816180234_0319_D,9928704,839dc65a3b748bc6ce2d5f445b1243b951e9bc2724f07d8bd63c66216c3e2176,4096,3072,2026:08:16 18:02:34,45.0349549722222,-93.4157362777778,274.971,true
DJI_20260816180237_0320_D.JPG,DJI_20260816180237_0320_D,9805824,07569992d0bd28cf87e075a5024900fa45de8c87d33719d95f2c0619ab6bcb17,4096,3072,2026:08:16 18:02:37,45.0349604444444,-93.4157506944444,274.971,true
DJI_20260816180240_0321_D.JPG,DJI_20260816180240_0321_D,10838016,7184eea4196e1e81df2dcc825f2016d6391bc93e07636ccc33225e434813c20f,4096,3072,2026:08:16 18:02:40,45.0349664444444,-93.4157561388889,274.971,true
DJI_20260816180256_0322_D.JPG,DJI_20260816180256_0322_D,9818112,0af49e7127e36ab00f1216b669ef5933b31e837e5ddfb242f615bc37904d84f7,4096,3072,2026:08:16 18:02:56,45.03496925,-93.4157557222222,274.971,true
DJI_20260816180259_0323_D.JPG,DJI_20260816180259_0323_D,9732096,50eb082a756d6d37c94127bc9fd133ee85bfbb36a01463229e847ce0f6e76c0a,4096,3072,2026:08:16 18:02:59,45.0349810555556,-93.4157643333333,274.971,true
DJI_20260816180302_0324_D.JPG,DJI_20260816180302_0324_D,9895936,3515c946818f6ccc7a9f681e8ab93c0ac7bc501eb3b79751134c123dbd3f108f,4096,3072,2026:08:16 18:03:02,45.0350025277778,-93.4157776666667,274.971,true
DJI_20260816180305_0325_D.JPG,DJI_20260816180305_0325_D,9641984,dec60585e5e68c67b2474db0b12e4702cf7f791dd961c084b41dcac177d0a387,4096,3072,2026:08:16 18:03:05,45.0350096666667,-93.4157835277778,274.971,true
DJI_20260816180308_0326_D.JPG,DJI_20260816180308_0326_D,9601024,ba67eac366171f1abb0caeba15af1ed5a586037f5c23c99066f86c66787a0339,4096,3072,2026:08:16 18:03:08,45.0350149444444,-93.4157859722222,274.971,true
DJI_20260816180311_0327_D.JPG,DJI_20260816180311_0327_D,8433664,1303a167d6d0e6a793d1907ed4d5e424a5ae32d97cdf84295146edee8b36945a,4096,3072,2026:08:16 18:03:11,45.0350382777778,-93.4158010833333,274.971,true
DJI_20260816180314_0328_D.JPG,DJI_20260816180314_0328_D,8527872,144eff029c395e6d32fc01d168550e15a8b6716561e492ad589b350fc42a2f03,4096,3072,2026:08:16 18:03:14,45.0350625277778,-93.4158166388889,274.971,true
DJI_20260816180317_0329_D.JPG,DJI_20260816180317_0329_D,8736768,5f1d3f73b476d8e8cd09892626207bad60ea37d13993d445273c12d140992b28,4096,3072,2026:08:16 18:03:17,45.035078,-93.4158245,274.971,true
DJI_20260816180320_0330_D.JPG,DJI_20260816180320_0330_D,9097216,c25d80e1a83ad50555f17973f74298f2d517974f42045b10aaf5a64e3e7c6522,4096,3072,2026:08:16 18:03:20,45.0350959166667,-93.415835,274.971,true
DJI_20260816180323_0331_D.JPG,DJI_20260816180323_0331_D,9125888,cf05af358abbad3dbc4d61e8641d7b43650820ce80119a042eff6cb82cbee8be,4096,3072,2026:08:16 18:03:23,45.0351055833333,-93.4158413611111,274.971,true
DJI_20260816180326_0332_D.JPG,DJI_20260816180326_0332_D,8986624,c70a2a9f2f723b3be8d92fc4dddb0424d3bb71d5f25b2c778ba02a85073b15e8,4096,3072,2026:08:16 18:03:26,45.0351171666667,-93.41584725,274.971,true
DJI_20260816180329_0333_D.JPG,DJI_20260816180329_0333_D,8978432,91f2cf26f93091e0bc06fdc5cad90efc81ce943311c70d0f1fc533747a90dffa,4096,3072,2026:08:16 18:03:29,45.0351261388889,-93.4158531388889,274.971,true
DJI_20260816180332_0334_D.JPG,DJI_20260816180332_0334_D,8593408,c006fc8fd2f7281957f0ec96565e055056ca27f38da8c8e47f65a17a3f2c00a4,4096,3072,2026:08:16 18:03:32,45.0351500833333,-93.4158675277778,274.971,true
DJI_20260816180335_0335_D.JPG,DJI_20260816180335_0335_D,8663040,06eb8d4a2d400adcfb7fa9dc4cbb4cf87856063a64463c1838296f7f24e078aa,4096,3072,2026:08:16 18:03:35,45.0351691944444,-93.4158800277778,274.971,true
DJI_20260816180338_0336_D.JPG,DJI_20260816180338_0336_D,8728576,2f7f8a0940e9403ce08426bb3ebfc31afa722b55835bc7aced304a4f4759c763,4096,3072,2026:08:16 18:03:38,45.0351806666667,-93.4158851388889,274.971,true
DJI_20260816180341_0337_D.JPG,DJI_20260816180341_0337_D,8650752,4b48861894384cc902b172575507c95016d4ebcaef5b0d9b195208f9d75a9b5b,4096,3072,2026:08:16 18:03:41,45.0351925555556,-93.415888,274.971,true
DJI_20260816180344_0338_D.JPG,DJI_20260816180344_0338_D,8253440,23dbf1a16484e7243f5a13ffdd62ac25fc8d2a1a9669e15e3452f8784546e876,4096,3072,2026:08:16 18:03:44,45.0352049166667,-93.4158920555556,274.971,true
DJI_20260816180347_0339_D.JPG,DJI_20260816180347_0339_D,8323072,bfcd88f40d80a7cdd89602f263e4beed0c59e61f8900389237f5cf93cfd3de10,4096,3072,2026:08:16 18:03:47,45.0352151944444,-93.4158985,274.971,true
DJI_20260816180350_0340_D.JPG,DJI_20260816180350_0340_D,8744960,4560c40662961cfb6dc08bc4dc74f28f48295675b7630c1ccc411f3d737b4791,4096,3072,2026:08:16 18:03:50,45.0352306666667,-93.4159090555556,274.971,true
DJI_20260816180353_0341_D.JPG,DJI_20260816180353_0341_D,9007104,1fc554937b944c3c3d17271a7364fe5fbab9006a8252ad257eed484e60cda8b5,4096,3072,2026:08:16 18:03:53,45.0352524722222,-93.4159250277778,274.971,true
DJI_20260816180356_0342_D.JPG,DJI_20260816180356_0342_D,9322496,5d76c0c3a64b6d9c2c5cb4769b1ae209bc0a7fbc4d16d0a74ff65c6a481e0658,4096,3072,2026:08:16 18:03:56,45.0352585277778,-93.4159314444444,274.971,true
DJI_20260816180359_0343_D.JPG,DJI_20260816180359_0343_D,10141696,2a3a895d9ac2ed0d0c3570e1fe35fa0ff2c62abe7e3ee42632176767cc6df0fc,4096,3072,2026:08:16 18:03:59,45.0352912222222,-93.4159474444444,274.971,true
DJI_20260816180402_0344_D.JPG,DJI_20260816180402_0344_D,10498048,0726b89e26606f87a0d7273074aedad2fba2245a7ea9586d82a9399d7dadaa0f,4096,3072,2026:08:16 18:04:02,45.0353079444444,-93.4159512777778,274.971,true
DJI_20260816180405_0345_D.JPG,DJI_20260816180405_0345_D,9449472,c21575f13f73da3f71cb1adb0f47cf5d8c0a583eb7af3de2c582e0eca9ee16c6,4096,3072,2026:08:16 18:04:05,45.0353164722222,-93.4159435277778,274.971,true
DJI_20260816180408_0346_D.JPG,DJI_20260816180408_0346_D,9629696,7c18b59fe87dc4f3b8583ba57cff4520082fb4469c442710fda69766f659ae61,4096,3072,2026:08:16 18:04:08,45.0353331666667,-93.4159305277778,274.971,true
DJI_20260816180411_0347_D.JPG,DJI_20260816180411_0347_D,9703424,5273aef0ea3042c9203d2e63ffadb63469eb416fb97251c58dadaa7c15bf6b9e,4096,3072,2026:08:16 18:04:11,45.0353523333333,-93.4159116388889,274.971,true
DJI_20260816180414_0348_D.JPG,DJI_20260816180414_0348_D,10764288,7767f5f634ca517b11d90fe45d2dfe5a7f0f990be0fe5cb5eb77e3f5a7b736d3,4096,3072,2026:08:16 18:04:14,45.0353731944444,-93.4158885833333,274.971,true
DJI_20260816180417_0349_D.JPG,DJI_20260816180417_0349_D,11051008,d54fb4107d36d8d1bc272076abc2da43e5ae8533c8562155ac44cd99e9388368,4096,3072,2026:08:16 18:04:17,45.0353911388889,-93.4158608611111,274.971,true
DJI_20260816180420_0350_D.JPG,DJI_20260816180420_0350_D,10829824,d0087d775fa31a8abf4048bd8f559a67802aa59b357058f035d24cdbe9e55f8a,4096,3072,2026:08:16 18:04:20,45.0353996111111,-93.415846,274.971,true
DJI_20260816180423_0351_D.JPG,DJI_20260816180423_0351_D,8609792,3b8fd22708798de2d2fb0b56e5e44ca0aa6eac5b5e9427c48c4f72875997591d,4096,3072,2026:08:16 18:04:23,45.0353986388889,-93.4158445555556,277.171,true
DJI_20260816180426_0352_D.JPG,DJI_20260816180426_0352_D,10043392,c608cdb6dd4be3ed78fc73e9010e4f40a16d2e7afcc5abd10c4273fc8cb7ce13,4096,3072,2026:08:16 18:04:26,45.0353988055556,-93.4158428055556,279.271,true
DJI_20260816180429_0353_D.JPG,DJI_20260816180429_0353_D,10891264,b8822d37c62c3a44c2b40ea82a9c74c653d7357163f80d4032ab8db0203b4e50,4096,3072,2026:08:16 18:04:29,45.0353865555556,-93.41586725,279.271,true
DJI_20260816180432_0354_D.JPG,DJI_20260816180432_0354_D,10854400,f9bc89a2f7ed140ec9c6409b6f4183b57020dae67d8a3419077557aaced3d5ce,4096,3072,2026:08:16 18:04:32,45.0353631944444,-93.4159088333333,279.271,true
DJI_20260816180435_0355_D.JPG,DJI_20260816180435_0355_D,10878976,20c42dfb969b85a8333b2d985be55d7745e9769653b37852273ca12a9fc2b326,4096,3072,2026:08:16 18:04:35,45.0353198333333,-93.4159604722222,279.271,true
DJI_20260816180438_0356_D.JPG,DJI_20260816180438_0356_D,10592256,7793ad8fa3aaa136306a886b8b68e11b54372b94417eed304fbe8f750c3d666c,4096,3072,2026:08:16 18:04:38,45.0353069722222,-93.4159583888889,279.071,true
DJI_20260816180441_0357_D.JPG,DJI_20260816180441_0357_D,10899456,8263b52fc71fdc8d7199f02c991d495776e122ebd046528c374e630724f224ad,4096,3072,2026:08:16 18:04:41,45.035284,-93.4159672222222,279.071,true
DJI_20260816180444_0358_D.JPG,DJI_20260816180444_0358_D,11288576,eca8df3b55add55f17dd19a76447796c0cefcae4f8330984a2947d9089720a9b,4096,3072,2026:08:16 18:04:44,45.0352768611111,-93.4159655555556,279.071,true
DJI_20260816180447_0359_D.JPG,DJI_20260816180447_0359_D,11071488,59ad911ba1fbddb87b699b13925dfdc01cab4d144c6bc5fb9156d287e4517b99,4096,3072,2026:08:16 18:04:47,45.0352702777778,-93.415935,279.071,true
DJI_20260816180450_0360_D.JPG,DJI_20260816180450_0360_D,10391552,368283a671bb153c4b23295e3f9781a6c72cd2287f4e7e6e62cad6b13f2db7ad,4096,3072,2026:08:16 18:04:50,45.0352456388889,-93.4159145555556,279.071,true
DJI_20260816180453_0361_D.JPG,DJI_20260816180453_0361_D,10297344,14caa96ceb91d65326394f0b1876c60542a5015c08d8eb79dc85133bf4e3c21d,4096,3072,2026:08:16 18:04:53,45.0352430277778,-93.4159141111111,279.071,true
DJI_20260816180456_0362_D.JPG,DJI_20260816180456_0362_D,10354688,9c9311ba2b1ba2f138866f93157754bfb869f5d8adc8ea61941712aacaa124f7,4096,3072,2026:08:16 18:04:56,45.0352341388889,-93.4159069722222,279.071,true
DJI_20260816180459_0363_D.JPG,DJI_20260816180459_0363_D,10272768,244cb24424c03c7f7e3e291152ff807c946f088546eedfb07404f9b7238e66f8,4096,3072,2026:08:16 18:04:59,45.0352111944444,-93.4158944722222,279.071,true
DJI_20260816180502_0364_D.JPG,DJI_20260816180502_0364_D,10346496,3cd916f1e87f4f425b07dd5504ddbf8346828b48c262d2f7be65154e8fcc4508,4096,3072,2026:08:16 18:05:02,45.0352076666667,-93.4158978611111,279.071,true
DJI_20260816180505_0365_D.JPG,DJI_20260816180505_0365_D,10129408,cb3d2983fc854db18a965a4e96210f40a1dfb3b8ddc55524d40cef9e7e7ba726,4096,3072,2026:08:16 18:05:05,45.0351846111111,-93.4158843333333,279.071,true
DJI_20260816180508_0366_D.JPG,DJI_20260816180508_0366_D,10084352,aa62d894ea3cacacc0fba5cb8cced40bbeb95e5c162eb3e413edc0a8c1d224be,4096,3072,2026:08:16 18:05:08,45.0351625277778,-93.4158710277778,279.071,true
DJI_20260816180511_0367_D.JPG,DJI_20260816180511_0367_D,10162176,c32c4862d07d1641c32c6a1226d01dee57dbc9dc23fa91186858b2d1ccbb9c38,4096,3072,2026:08:16 18:05:11,45.0351460555556,-93.4158594444445,279.071,true
DJI_20260816180514_0368_D.JPG,DJI_20260816180514_0368_D,10129408,4c7396d1a99c11df5a43f34191f5f08a9141d8dbc7e435083ec06941931f6262,4096,3072,2026:08:16 18:05:14,45.0351264166667,-93.415847,279.071,true
DJI_20260816180517_0369_D.JPG,DJI_20260816180517_0369_D,10084352,21936becf9a33702dd57c99359bc8bc7520bbfefc0fe8b6518841e38062e0fdb,4096,3072,2026:08:16 18:05:17,45.0351119722222,-93.4158381388889,279.071,true
DJI_20260816180520_0370_D.JPG,DJI_20260816180520_0370_D,10153984,a66c965e115b4acbdacc1c1764b1c22649f68ee953214d0cc3ca66f1d2fb3152,4096,3072,2026:08:16 18:05:20,45.0350959166667,-93.4158392777778,279.071,true
DJI_20260816180523_0371_D.JPG,DJI_20260816180523_0371_D,10592256,beb7daa74a0755de80d6344e484b6cf82f606b6d0439426aae65638a6216f2dd,4096,3072,2026:08:16 18:05:23,45.0350730833333,-93.4158601944444,279.071,true
DJI_20260816180526_0372_D.JPG,DJI_20260816180526_0372_D,10756096,f6356e57dabd11ba41554fcf07caef8d58d2d43a8304f758fcc2b578ad0033ac,4096,3072,2026:08:16 18:05:26,45.0350589444444,-93.4158582222222,279.071,true
DJI_20260816180529_0373_D.JPG,DJI_20260816180529_0373_D,10809344,5905ecdd3f4f3e95fa3d7209acec513b3ee55d0bdd1f477e5524f553590480f0,4096,3072,2026:08:16 18:05:29,45.0350519444444,-93.4158524444444,279.071,true
DJI_20260816180532_0374_D.JPG,DJI_20260816180532_0374_D,10899456,1b7461a5bf621e6c52e423e41468989cbbde60e0ad19074126bf9fe7742649f7,4096,3072,2026:08:16 18:05:32,45.0350429444444,-93.4158461666667,279.071,true
DJI_20260816180535_0375_D.JPG,DJI_20260816180535_0375_D,11227136,9b890e5b1811d22c2f5eac1fd2f1f291ad8d2d4d0563f00f029ad57a819c17fc,4096,3072,2026:08:16 18:05:35,45.0350020555556,-93.4158195555556,279.071,true
DJI_20260816180538_0376_D.JPG,DJI_20260816180538_0376_D,11218944,51e7d9f8e878a0028dca8f0398be2e2e1ee340d7d4a8f8c0ec16574a1e02dfdf,4096,3072,2026:08:16 18:05:38,45.0349828055556,-93.4157997222222,279.071,true
DJI_20260816180541_0377_D.JPG,DJI_20260816180541_0377_D,11112448,c1b2640e93da2b837a23f110e573de1d08960a77f1f72d159e7aa52dd6f1ed2d,4096,3072,2026:08:16 18:05:41,45.0349566388889,-93.4157539444444,279.071,true
DJI_20260816180544_0378_D.JPG,DJI_20260816180544_0378_D,10813440,e2aca783002428240249796092d394ebd95a3e47ee9fb8ea2d9bfe4308562f6b,4096,3072,2026:08:16 18:05:44,45.0349463611111,-93.4157050555555,278.971,true
DJI_20260816180547_0379_D.JPG,DJI_20260816180547_0379_D,10383360,b92aaecb2762c927d9e82e9235d087d13ba223c56b241e3c9ab28232f1390fd1,4096,3072,2026:08:16 18:05:47,45.0349439166667,-93.4156841944444,278.971,true
DJI_20260816180550_0380_D.JPG,DJI_20260816180550_0380_D,10031104,d87a6421a6a8ecc37b11a0d47b2a9bcd194c8114ad74b34f26dcd327c2579c3b,4096,3072,2026:08:16 18:05:50,45.0349436666667,-93.4156415833333,278.971,true
DJI_20260816180553_0381_D.JPG,DJI_20260816180553_0381_D,9830400,c162a5dd83a2d7b1d00552827a712c26b0a1d22c3c78ca738cc60824afc64be8,4096,3072,2026:08:16 18:05:53,45.0349480555556,-93.4156090555555,278.871,true
DJI_20260816180556_0382_D.JPG,DJI_20260816180556_0382_D,9478144,18baac359086e41be189cfaefa4a80e01fb00e3f8df45f593b1019a6f86407a3,4096,3072,2026:08:16 18:05:56,45.0349535833333,-93.4155832777778,278.871,true
DJI_20260816180610_0383_D.JPG,DJI_20260816180610_0383_D,10878976,ee89e24fae434942047385a5ea90b65b2560570c8bf61320f7cc7a3921e18010,4096,3072,2026:08:16 18:06:10,45.0349334444444,-93.4155695833333,281.571,true
DJI_20260816180613_0384_D.JPG,DJI_20260816180613_0384_D,11042816,ccde7931fdf17f11d6d06241a2c8f5d47080a037a14bc8ba59256bf5c674dd7c,4096,3072,2026:08:16 18:06:13,45.0349262222222,-93.4155982222222,281.571,true
DJI_20260816180615_0385_D.JPG,DJI_20260816180615_0385_D,11329536,e306047cfc3549ae780cc67d75d40d3e14fd2c830b0427beaa6abf8dd9a6831f,4096,3072,2026:08:16 18:06:15,45.0349218055556,-93.4156257777778,281.571,true
DJI_20260816180618_0386_D.JPG,DJI_20260816180618_0386_D,11390976,3ec5d154a88536aab3a8ea371ea4c04d9938f4ca78671f6a299ad9025f20f2cf,4096,3072,2026:08:16 18:06:18,45.0349235555556,-93.4156976666667,281.571,true
DJI_20260816180621_0387_D.JPG,DJI_20260816180621_0387_D,11395072,1b01b72acdab3d004aabcd99c0718c7fbc20284be2f92ec0b266023f722605d1,4096,3072,2026:08:16 18:06:21,45.0349380555556,-93.4157448611111,281.571,true
DJI_20260816180624_0388_D.JPG,DJI_20260816180624_0388_D,11247616,206463f32c4fa8a0e41d081b648920d723122320ecdf116caaad5f6768de0b27,4096,3072,2026:08:16 18:06:24,45.0349619444444,-93.4157744722222,281.571,true
DJI_20260816180627_0389_D.JPG,DJI_20260816180627_0389_D,10997760,b79b61a9de88520b152425105b3797047553d8ba7a2bcf7fd33cd41ff6a785d8,4096,3072,2026:08:16 18:06:27,45.0349795,-93.4158019166667,281.671,true
DJI_20260816180630_0390_D.JPG,DJI_20260816180630_0390_D,10850304,e7faf52d960db4df6470f31874521809e3c566da57599ccda4ed7d3fafce8724,4096,3072,2026:08:16 18:06:30,45.0350106944444,-93.4158218333333,281.571,true
DJI_20260816180633_0391_D.JPG,DJI_20260816180633_0391_D,10739712,caa944bdb93ac57a0442f5e5a4bff48e215afb4aa5d43b641bd743bef46573f4,4096,3072,2026:08:16 18:06:33,45.03504425,-93.4158453055555,281.571,true
DJI_20260816180636_0392_D.JPG,DJI_20260816180636_0392_D,10719232,f509adba1e63007f3bc351e4a8bcc4ae3e8a0cc0a72c5f8457829149f7d61216,4096,3072,2026:08:16 18:06:36,45.0350629166667,-93.4158599444444,281.571,true
DJI_20260816180639_0393_D.JPG,DJI_20260816180639_0393_D,10657792,471fd3466aa0092394066aa87249d80b99255858eb3f9f77d2355e4f17fac3f5,4096,3072,2026:08:16 18:06:39,45.0350862777778,-93.4158734722222,281.571,true
DJI_20260816180642_0394_D.JPG,DJI_20260816180642_0394_D,10592256,9bb71307d1900d93d211402744f5ffe1483788b87d1d373c62a2b3631398b4ab,4096,3072,2026:08:16 18:06:42,45.0351040277778,-93.4158835277778,281.571,true
DJI_20260816180645_0395_D.JPG,DJI_20260816180645_0395_D,10649600,7e61f9340dc9e79f83bc29a486346eaa0d9611161bbac25b7208b833f5195812,4096,3072,2026:08:16 18:06:45,45.0351365277778,-93.4159040555556,281.571,true
DJI_20260816180648_0396_D.JPG,DJI_20260816180648_0396_D,10747904,d7ccc95a1aa207b99cdec4a0ac86be2e2573b560e9a8bf583c25ab93a6f28884,4096,3072,2026:08:16 18:06:48,45.03516975,-93.4159263888889,281.571,true
DJI_20260816180651_0397_D.JPG,DJI_20260816180651_0397_D,10813440,e4125d6cf5a7b53fd6d06474c27046d1eaee03392ba7042d4f242e436f1e9978,4096,3072,2026:08:16 18:06:51,45.0352025833333,-93.4159471944444,281.571,true
DJI_20260816180654_0398_D.JPG,DJI_20260816180654_0398_D,11071488,a6c5cdda97d60e0311d83e4488c02717a346e3d32f307c5730b4bb78b533df71,4096,3072,2026:08:16 18:06:54,45.0352435833333,-93.4159713611111,281.571,true
DJI_20260816180657_0399_D.JPG,DJI_20260816180657_0399_D,11485184,1e7baf592270163dbb42e4292df670c7c1b070e411f50938bd18a7b584a2d234,4096,3072,2026:08:16 18:06:57,45.0352764444444,-93.4159919444444,281.671,true
DJI_20260816180700_0400_D.JPG,DJI_20260816180700_0400_D,11358208,2d705ed9b72ff734db23c90b4151afc33975013da862d5f652f30e1600bc2bad,4096,3072,2026:08:16 18:07:00,45.0353104722222,-93.4159856944444,281.571,true
DJI_20260816180703_0401_D.JPG,DJI_20260816180703_0401_D,11329536,c0904b04db52c8be220bb46b0802ee726d85e2e4e0d95e3dd5152dcf2c72548a,4096,3072,2026:08:16 18:07:03,45.0353558888889,-93.4159497777778,281.571,true
DJI_20260816180706_0402_D.JPG,DJI_20260816180706_0402_D,11657216,bc54d5052f24ec01cf1b5a5bbcc23c8e4f8d1c9f5a06cc558aa1cf578302ced4,4096,3072,2026:08:16 18:07:06,45.0353881388889,-93.4159148611111,281.571,true
DJI_20260816180709_0403_D.JPG,DJI_20260816180709_0403_D,11513856,60aa4af10ede4804e66790e6688e24f5e8082047d1acec98ed5f7645ab16f406,4096,3072,2026:08:16 18:07:09,45.0354191944444,-93.415868,281.571,true
DJI_20260816180712_0404_D.JPG,DJI_20260816180712_0404_D,10924032,6c54555f4b0483fb2718027c06c70c652ee3455851f08d6e9edec63c0725de1b,4096,3072,2026:08:16 18:07:12,45.0354346111111,-93.4158249166667,281.671,true
DJI_20260816180715_0405_D.JPG,DJI_20260816180715_0405_D,10874880,aec649e5907440edb498814153a79a57918e2a23bc3162e8d9966070962f828a,4096,3072,2026:08:16 18:07:15,45.0354478888889,-93.4157767777778,281.571,true
DJI_20260816180740_0406_D.JPG,DJI_20260816180740_0406_D,17698816,0ed63d95f3b58dc882f01cf187cf1feb9d96d9e82fa4cf08abe61f0bff23c168,4096,3072,2026:08:16 18:07:40,45.03524525,-93.4157685555556,280.771,true
DJI_20260816180743_0407_D.JPG,DJI_20260816180743_0407_D,17629184,fae52916cf06d975bac832573b5e1d4a77cffb3226f1b55369a0454bd5d59559,4096,3072,2026:08:16 18:07:43,45.0352304444444,-93.4157594444444,280.771,true
DJI_20260816180746_0408_D.JPG,DJI_20260816180746_0408_D,17522688,cab6b9b79c8ebb614e9112ec34d468ad9c855228a05cce95bd253c96582d9e8d,4096,3072,2026:08:16 18:07:46,45.0352223333333,-93.4157554444444,280.771,true
DJI_20260816180749_0409_D.JPG,DJI_20260816180749_0409_D,16871424,3d67de3b06b07b63f5a4e10f33b2cb1113259530d4f503f4d49e39e3f62b11f6,4096,3072,2026:08:16 18:07:49,45.0352073888889,-93.4157453055556,280.771,true
DJI_20260816180752_0410_D.JPG,DJI_20260816180752_0410_D,16183296,04bb57b3c48f3224afd394ce979ddc93b5a3d6551b52050b01ab6d7959c6654f,4096,3072,2026:08:16 18:07:52,45.03518475,-93.4157317222222,280.771,true
DJI_20260816180755_0411_D.JPG,DJI_20260816180755_0411_D,16572416,8462aed0b3fec90a99d88cc430b613700daad321da94955a8fe9bc1cf45b8332,4096,3072,2026:08:16 18:07:55,45.0351615555556,-93.4157166944444,280.771,true
DJI_20260816180758_0412_D.JPG,DJI_20260816180758_0412_D,17039360,1035ef41613069a503f50194f6864816f53cfdfbcf0174131be347d408c5c061,4096,3072,2026:08:16 18:07:58,45.0351359722222,-93.4157001944444,280.771,true
DJI_20260816180801_0413_D.JPG,DJI_20260816180801_0413_D,17235968,a14070826e61edff8cc6655680b4a8f9033c23561f6d779216a2fd53b4b7536d,4096,3072,2026:08:16 18:08:01,45.0351100833333,-93.4156818055556,280.771,true
DJI_20260816180804_0414_D.JPG,DJI_20260816180804_0414_D,17321984,3a9589eccd2af5c48695719ec23fd073baab87cb71a31a717bd58e78db0ed1b4,4096,3072,2026:08:16 18:08:04,45.0350935,-93.41566925,280.771,true
DJI_20260816180807_0415_D.JPG,DJI_20260816180807_0415_D,17608704,cff493d248573e3d01b259242c5dacde27221a5f1316f38f0e4d739e520dddb3,4096,3072,2026:08:16 18:08:07,45.0350800833333,-93.4156595277778,280.771,true
DJI_20260816180810_0416_D.JPG,DJI_20260816180810_0416_D,17903616,ef7b0e9528929612997e96b753af636bafa6f66184f590a7df0edc1a80b2e75f,4096,3072,2026:08:16 18:08:10,45.0350698611111,-93.4156519166667,280.771,true
DJI_20260816180813_0417_D.JPG,DJI_20260816180813_0417_D,17944576,97942dbf19a9feaa0988c4bedb2fad8b7f7d68325ddc5555656f53c0b5e8f5a2,4096,3072,2026:08:16 18:08:13,45.0350586666667,-93.4156452777778,280.771,true
DJI_20260816180816_0418_D.JPG,DJI_20260816180816_0418_D,16105472,f7313b147e7d38aabb4cdbb6f49de36ff40fc386ea9062a810f6800f46ca01ce,4096,3072,2026:08:16 18:08:16,45.0350311111111,-93.4156283333333,280.771,true
DJI_20260816180833_0419_D.JPG,DJI_20260816180833_0419_D,15159296,86f702e3fe7d1b682b95218c1faaa11ab66884417fa471b22adfc2f51807adbd,4096,3072,2026:08:16 18:08:33,45.0350688333333,-93.4156525555556,280.971,true
DJI_20260816180836_0420_D.JPG,DJI_20260816180836_0420_D,15937536,c4aba787b04c68302440f60a45557c3e221cb4d7b8cf3e9d63e176c319321dac,4096,3072,2026:08:16 18:08:36,45.0350748333333,-93.4156561111111,280.971,true
DJI_20260816180839_0421_D.JPG,DJI_20260816180839_0421_D,17104896,f9ba9d68674f248e9dc0aa07b7b96fdaaff5139256943e13f1b79b1fb3e7dd74,4096,3072,2026:08:16 18:08:39,45.0350931666667,-93.4156643333333,280.971,true
DJI_20260816180842_0422_D.JPG,DJI_20260816180842_0422_D,16916480,080815cb2e061921de9e701444ec4555a58602ba25192b9049d3d0dd8bf3cbae,4096,3072,2026:08:16 18:08:42,45.0351035277778,-93.4156716111111,280.871,true
DJI_20260816180845_0423_D.JPG,DJI_20260816180845_0423_D,16523264,952d1d229609f9af6f2db4c9afb904d6c239edf5b78a44c429e698458866e0ea,4096,3072,2026:08:16 18:08:45,45.0351133333333,-93.4156774722222,280.971,true
DJI_20260816180848_0424_D.JPG,DJI_20260816180848_0424_D,17149952,ab72f617c8390a9aa6bff5452905c1fa8f5e99bdbd690e3ff0e4290f497af69f,4096,3072,2026:08:16 18:08:48,45.0351226111111,-93.4156824722222,280.971,true
DJI_20260816180851_0425_D.JPG,DJI_20260816180851_0425_D,17080320,816756f6b0223e103238caf7cc1cf8bfd2bc000124f6896ff557477b5f57fa8e,4096,3072,2026:08:16 18:08:51,45.0351304166667,-93.4156903888889,280.871,true
DJI_20260816180854_0426_D.JPG,DJI_20260816180854_0426_D,17051648,33aafb99e250256aee660b9a4a691c9b1f622741b303a2b75437bd7a469c35ae,4096,3072,2026:08:16 18:08:54,45.0351411111111,-93.4156990555555,280.871,true
DJI_20260816180857_0427_D.JPG,DJI_20260816180857_0427_D,16310272,b9db36a249076ca857c13ca37f4fb700adf1e2a6f11ce1aa5fc20842593a21e1,4096,3072,2026:08:16 18:08:57,45.0351571944444,-93.4157106388889,280.871,true
DJI_20260816180900_0428_D.JPG,DJI_20260816180900_0428_D,16420864,8ac5f5bb5ef6d4cd183990b620b98027c0e7664ed185cd4c1af91c500a06a2c1,4096,3072,2026:08:16 18:09:00,45.0351679722222,-93.4157219722222,280.871,true
DJI_20260816180903_0429_D.JPG,DJI_20260816180903_0429_D,16429056,35a8f8a8f217801fddbc2c1f82743db191e2349f8bddca915348d052b994ca1a,4096,3072,2026:08:16 18:09:03,45.0351790277778,-93.41573075,280.971,true
DJI_20260816180906_0430_D.JPG,DJI_20260816180906_0430_D,16691200,81ab70e65a14bd6ab011fb7f5a264f3d9a96d1b1caadebb55b571c536afa9d5c,4096,3072,2026:08:16 18:09:06,45.0351864166667,-93.4157352777778,280.971,true
DJI_20260816180909_0431_D.JPG,DJI_20260816180909_0431_D,16711680,39b4b95a3e82805f7d9048d0bacc4b1c926a16017648fe24041d821b3e5de386,4096,3072,2026:08:16 18:09:09,45.0351934722222,-93.4157418333333,280.971,true
DJI_20260816180912_0432_D.JPG,DJI_20260816180912_0432_D,16764928,69eae3a9e778e90145d0fc62e39aa7cac7a2ef32aa66b9e4934bd577ef2ae2ba,4096,3072,2026:08:16 18:09:12,45.0352095555556,-93.4157515555556,280.871,true
DJI_20260816180915_0433_D.JPG,DJI_20260816180915_0433_D,16740352,3b0c8596ebf9b2ed5c232de0c4cbcea30cd198eb907ba763f9628ca770f6400b,4096,3072,2026:08:16 18:09:15,45.0352171111111,-93.4157583611111,280.971,true
DJI_20260816180918_0434_D.JPG,DJI_20260816180918_0434_D,16642048,962b143e2d5f29a4fff8c1d69cedce22f38e44e039a626c47541e7c07af02c6f,4096,3072,2026:08:16 18:09:18,45.0352275833333,-93.41576625,280.971,true
DJI_20260816180921_0435_D.JPG,DJI_20260816180921_0435_D,16568320,96a829cee0c6a8fafb5dca87d410bd10aa35679e595d0f497434722aad28078c,4096,3072,2026:08:16 18:09:21,45.0352445277778,-93.4157764166667,280.971,true
DJI_20260816180924_0436_D.JPG,DJI_20260816180924_0436_D,16257024,178a02ca622a1ce51217ed1af5355b9f30abb0ff33520499409b50ddc3399e61,4096,3072,2026:08:16 18:09:24,45.0352545,-93.4157831666667,280.971,true
DJI_20260816180927_0437_D.JPG,DJI_20260816180927_0437_D,15908864,c8a3e7a494bdbb7013aad2117e0a5bb314f858c61771b3c2adfa1eb491a279c7,4096,3072,2026:08:16 18:09:27,45.0352685,-93.41579125,280.971,true
DJI_20260816180930_0438_D.JPG,DJI_20260816180930_0438_D,15171584,d27cfac8aa84085184f3c468e34562095dc03527cc5436fb6c5cf9f98cf95824,4096,3072,2026:08:16 18:09:30,45.0352821111111,-93.4158024166667,280.971,true
DJI_20260816180933_0439_D.JPG,DJI_20260816180933_0439_D,14864384,cbb31e36cb45e48f463285e6e34f878e0ad6b00767297da445d500fbd0ab7c24,4096,3072,2026:08:16 18:09:33,45.035303,-93.4158036388889,280.971,true
DJI_20260816180936_0440_D.JPG,DJI_20260816180936_0440_D,14032896,c51538d9e87f14a591fb29e2ece58fa4cb16a4981d1856f556b2616d7ab8c7dc,4096,3072,2026:08:16 18:09:36,45.0353182777778,-93.4157903888889,280.971,true
DJI_20260816180939_0441_D.JPG,DJI_20260816180939_0441_D,13312000,32f47dc41d3d0ad2ee6e4446c82f3d90a3d059aefa23cb484a143f7d1ead3830,4096,3072,2026:08:16 18:09:39,45.0353343888889,-93.4157726111111,280.971,true
DJI_20260816180942_0442_D.JPG,DJI_20260816180942_0442_D,13279232,7a769b4741c65ef9cfba4ba3aa249c0548d7ccc68b7312f19fadc7ea0d2503de,4096,3072,2026:08:16 18:09:42,45.0353422777778,-93.4157559166667,280.971,true
DJI_20260816180945_0443_D.JPG,DJI_20260816180945_0443_D,13299712,6c4590d0a34185d5a704d926be911a2823cc045f95cf1a17348521b8f636dbc4,4096,3072,2026:08:16 18:09:45,45.0353432222222,-93.4157535277778,280.971,true
DJI_20260816180948_0444_D.JPG,DJI_20260816180948_0444_D,12656640,fa50cf877565dbca4dc35134f4af5c16275511964fe406bda194ef937d6c34e4,4096,3072,2026:08:16 18:09:48,45.0353523888889,-93.4157239444445,280.971,true
DJI_20260816180951_0445_D.JPG,DJI_20260816180951_0445_D,11972608,ec9c67bc1f1377e02ec39d41f75bec46fb76e67bef56967ee797f8c7a12fd5f4,4096,3072,2026:08:16 18:09:51,45.0353569722222,-93.4156881666667,280.971,true
DJI_20260816180954_0446_D.JPG,DJI_20260816180954_0446_D,11485184,8d3b90a9893c4e2329e6031602d5837e972969bdf885c776cbc95b0331548c9e,4096,3072,2026:08:16 18:09:54,45.0353495833333,-93.4156583611111,280.971,true
DJI_20260816180957_0447_D.JPG,DJI_20260816180957_0447_D,9326592,9b62373b934947ec7e532f71cc908dfdc0c1d15684fb5199edc95fdbd3309345,4096,3072,2026:08:16 18:09:57,45.0353338888889,-93.415632,280.971,true
DJI_20260816181016_0448_D.JPG,DJI_20260816181016_0448_D,10674176,f98567e758f27559ba74e0724c6fbdf7202c6ad1a65e18098f46c648cfdecdb9,4096,3072,2026:08:16 18:10:16,45.03532725,-93.4156227222222,280.971,true
DJI_20260816181019_0449_D.JPG,DJI_20260816181019_0449_D,9846784,39451dc8a85afd3bf003e5bb144fb891fdbe26474133a000088df4d3e870849c,4096,3072,2026:08:16 18:10:19,45.035315,-93.4156099722222,280.971,true
DJI_20260816181022_0450_D.JPG,DJI_20260816181022_0450_D,9330688,55d84ccf155d3ac5a6645fa45bc3fee50af44b020ec68b1c445e2454921f50f5,4096,3072,2026:08:16 18:10:22,45.0352926111111,-93.4155971111111,280.971,true
DJI_20260816181025_0451_D.JPG,DJI_20260816181025_0451_D,9707520,67626ab90fdf1410084a22b34d54bfcc45c5b74b37ade206066278cb6971bdc3,4096,3072,2026:08:16 18:10:25,45.0352764444444,-93.4156192222222,280.971,true
DJI_20260816181028_0452_D.JPG,DJI_20260816181028_0452_D,9715712,ec28e950a9027e0023384c853b11a54e8ca7ff32cd43502968eaaf380689f4dd,4096,3072,2026:08:16 18:10:28,45.0352575277778,-93.4156082777778,280.971,true
DJI_20260816181031_0453_D.JPG,DJI_20260816181031_0453_D,9838592,ed5bc28fa953d97a22aeff048091cd774ddf4a39f87ad3ce1222246139551c22,4096,3072,2026:08:16 18:10:31,45.0352348611111,-93.4155962777778,280.971,true
DJI_20260816181034_0454_D.JPG,DJI_20260816181034_0454_D,9777152,8ceaaa0bd4ff61252b52ed72a41d0ac643378a2ea36f30f4e58f00b35aa2a777,4096,3072,2026:08:16 18:10:34,45.0352223055556,-93.4155883055556,280.971,true
DJI_20260816181037_0455_D.JPG,DJI_20260816181037_0455_D,9900032,50cc89593b8a1bb175af9444979ee194694389088a58c6ea125495d41af1d65c,4096,3072,2026:08:16 18:10:37,45.0352089722222,-93.4155815,280.971,true
DJI_20260816181040_0456_D.JPG,DJI_20260816181040_0456_D,9957376,317993c433a0b6283e66647a827017192713cb95f4cbb3b96e13e2ebd97a2974,4096,3072,2026:08:16 18:10:40,45.0351988333333,-93.41557675,280.971,true
DJI_20260816181043_0457_D.JPG,DJI_20260816181043_0457_D,9871360,e425a88188f5d4c736e488cca9ffc64df6e87c00b6940848cd61c5e2d26c7f1c,4096,3072,2026:08:16 18:10:43,45.0351903888889,-93.4155706944444,280.971,true
DJI_20260816181046_0458_D.JPG,DJI_20260816181046_0458_D,10092544,da870bdf8288dc3bda9e4202ef8fcffe4bff165fa79ea403d2b295329d3ae43a,4096,3072,2026:08:16 18:10:46,45.0351750833333,-93.4155628055556,280.971,true
DJI_20260816181049_0459_D.JPG,DJI_20260816181049_0459_D,10051584,127c4299e32663ef08aec105c73da7b37e1693b5e2e3be6448c1b5ddb446859c,4096,3072,2026:08:16 18:10:49,45.035163,-93.4155560555556,280.971,true
DJI_20260816181052_0460_D.JPG,DJI_20260816181052_0460_D,9932800,a12abe158290f30e10ba07e65772cfd9fe87efe96ec8309765eb70c16a0bca25,4096,3072,2026:08:16 18:10:52,45.03514675,-93.4155472777778,280.971,true
DJI_20260816181055_0461_D.JPG,DJI_20260816181055_0461_D,10117120,a7f4d88a72b7f3ef3a33d853a899f52aa67fc435eecd0c890f1b2f30ab39f6e8,4096,3072,2026:08:16 18:10:55,45.0351337777778,-93.4155401666667,280.971,true
DJI_20260816181058_0462_D.JPG,DJI_20260816181058_0462_D,10342400,ff4a5a7c345f1d4336e5403cba09d05a01f19e76c351f575d13d67f09e9fa9a7,4096,3072,2026:08:16 18:10:58,45.0351203888889,-93.4155331111111,280.971,true
DJI_20260816181101_0463_D.JPG,DJI_20260816181101_0463_D,11112448,c3ec1fe64c2fb2aa76faa9f1221ce83e2a881ae4945f856f20eb7d69c418b1f6,4096,3072,2026:08:16 18:11:01,45.0351039722222,-93.4155241111111,280.971,true
DJI_20260816181104_0464_D.JPG,DJI_20260816181104_0464_D,10489856,777beadd5bbab5ffd4b9d80eb8af12724ac603889ab1d06d37d3fa4b35274e00,4096,3072,2026:08:16 18:11:04,45.0350832222222,-93.4155216666667,280.971,true
DJI_20260816181107_0465_D.JPG,DJI_20260816181107_0465_D,11739136,f4229d0b1a671661ce14438c4c4b966a1835d0398bcc44f3473e130776f019d4,4096,3072,2026:08:16 18:11:07,45.0350705,-93.4155433611111,280.971,true
DJI_20260816181110_0466_D.JPG,DJI_20260816181110_0466_D,13103104,14835d9e23715d81b67544512fb44f20649979f55496426efb49d7ca11d99761,4096,3072,2026:08:16 18:11:10,45.0350618888889,-93.4155655833333,280.971,true
DJI_20260816181113_0467_D.JPG,DJI_20260816181113_0467_D,13307904,ebeb7d2f9374424e1064c72088252614802963f5193dc8ebae1ca3c04da71102,4096,3072,2026:08:16 18:11:13,45.0350536111111,-93.415585,280.971,true
DJI_20260816181116_0468_D.JPG,DJI_20260816181116_0468_D,13475840,2dd0c67cf570acca9f16f6892572f1407c5222c0a59375fb146ce23d108abca1,4096,3072,2026:08:16 18:11:16,45.03504675,-93.4156075555556,280.971,true
DJI_20260816181119_0469_D.JPG,DJI_20260816181119_0469_D,14774272,aa18aeed00cca9ce123e2137f3e159013710b977c539bbfab02e38e1d8ce27bb,4096,3072,2026:08:16 18:11:19,45.0350414444444,-93.4156413055556,280.971,true
